,GroupID,B0,E,El,Tl,AIC,Converge
0,1,NA,NA,NA,NA,NA,N
0,2,29.287359001631543,2.735210456773335,2.4171905372144815,276.5764388339444,-1.5059595235354895,Y
0,3,0.0010128478354884914,13.636085314688273,13.64950344136847,285.6663020988068,-65.43182782009563,Y
0,4,0.0020872028135156713,10.356692806267688,10.448827726563655,286.033968471141,-63.37661612116534,Y
0,5,0.02352502044077367,2.4184496724469438,2.6686389036405056,290.3154650150091,-83.15703260560174,Y
0,6,NA,NA,NA,NA,NA,N
0,7,NA,NA,NA,NA,NA,N
0,8,NA,NA,NA,NA,NA,N
0,9,1.0499745233373874,3.4204929607252654,3.328283135683372,285.38301009140577,3.591741609120616,Y
0,10,NA,NA,NA,NA,NA,N
0,11,NA,NA,NA,NA,NA,N
0,12,NA,NA,NA,NA,NA,N
0,13,6.434021986892429,15.962516926938129,16.007013881839292,278.45634025511714,-136.13286923943247,Y
0,14,NA,NA,NA,NA,NA,N
0,15,NA,NA,NA,NA,NA,N
0,16,NA,NA,NA,NA,NA,N
0,17,NA,NA,NA,NA,NA,N
0,18,NA,NA,NA,NA,NA,N
0,19,NA,NA,NA,NA,NA,N
0,20,NA,NA,NA,NA,NA,N
0,21,NA,NA,NA,NA,NA,N
0,22,NA,NA,NA,NA,NA,N
0,23,NA,NA,NA,NA,NA,N
0,24,0.0005458718825403758,0.02071266366316224,-1.0251160757015418,278.57211326641897,-134.93745085045128,Y
0,25,0.0009848932808406072,1.007890213499326,0.9807040041207737,278.6153387846493,-143.90402147308242,Y
0,26,NA,NA,NA,NA,NA,N
0,27,NA,NA,NA,NA,NA,N
0,28,NA,NA,NA,NA,NA,N
0,29,NA,NA,NA,NA,NA,N
0,30,NA,NA,NA,NA,NA,N
0,31,NA,NA,NA,NA,NA,N
0,32,NA,NA,NA,NA,NA,N
0,33,NA,NA,NA,NA,NA,N
0,34,0.003959902872773647,5.7472554022013735,5.043786092971492,287.2043356055055,-40.76687903091296,Y
0,35,NA,NA,NA,NA,NA,N
0,36,NA,NA,NA,NA,NA,N
0,37,NA,NA,NA,NA,NA,N
0,38,NA,NA,NA,NA,NA,N
0,39,NA,NA,NA,NA,NA,N
0,40,0.6003196734697971,1.44350234706894,1.4904734469783025,287.17016653934115,-29.406001226331746,Y
0,41,NA,NA,NA,NA,NA,N
0,42,NA,NA,NA,NA,NA,N
0,43,NA,NA,NA,NA,NA,N
0,44,NA,NA,NA,NA,NA,N
0,45,NA,NA,NA,NA,NA,N
0,46,NA,NA,NA,NA,NA,N
0,47,NA,NA,NA,NA,NA,N
0,48,NA,NA,NA,NA,NA,N
0,49,NA,NA,NA,NA,NA,N
0,50,NA,NA,NA,NA,NA,N
0,51,NA,NA,NA,NA,NA,N
0,52,NA,NA,NA,NA,NA,N
0,53,NA,NA,NA,NA,NA,N
0,54,NA,NA,NA,NA,NA,N
0,55,NA,NA,NA,NA,NA,N
0,56,NA,NA,NA,NA,NA,N
0,57,NA,NA,NA,NA,NA,N
0,58,NA,NA,NA,NA,NA,N
0,59,NA,NA,NA,NA,NA,N
0,60,NA,NA,NA,NA,NA,N
0,61,NA,NA,NA,NA,NA,N
0,62,NA,NA,NA,NA,NA,N
0,63,NA,NA,NA,NA,NA,N
0,64,NA,NA,NA,NA,NA,N
0,65,NA,NA,NA,NA,NA,N
0,66,NA,NA,NA,NA,NA,N
0,67,NA,NA,NA,NA,NA,N
0,68,NA,NA,NA,NA,NA,N
0,69,NA,NA,NA,NA,NA,N
0,70,NA,NA,NA,NA,NA,N
0,71,NA,NA,NA,NA,NA,N
0,72,NA,NA,NA,NA,NA,N
0,73,NA,NA,NA,NA,NA,N
0,74,NA,NA,NA,NA,NA,N
0,75,NA,NA,NA,NA,NA,N
0,76,NA,NA,NA,NA,NA,N
0,77,NA,NA,NA,NA,NA,N
0,78,NA,NA,NA,NA,NA,N
0,79,NA,NA,NA,NA,NA,N
0,80,NA,NA,NA,NA,NA,N
0,81,NA,NA,NA,NA,NA,N
0,82,NA,NA,NA,NA,NA,N
0,83,NA,NA,NA,NA,NA,N
0,84,NA,NA,NA,NA,NA,N
0,85,NA,NA,NA,NA,NA,N
0,86,NA,NA,NA,NA,NA,N
0,87,NA,NA,NA,NA,NA,N
0,88,NA,NA,NA,NA,NA,N
0,89,NA,NA,NA,NA,NA,N
0,90,NA,NA,NA,NA,NA,N
0,91,NA,NA,NA,NA,NA,N
0,92,NA,NA,NA,NA,NA,N
0,93,NA,NA,NA,NA,NA,N
0,94,NA,NA,NA,NA,NA,N
0,95,NA,NA,NA,NA,NA,N
0,96,NA,NA,NA,NA,NA,N
0,97,NA,NA,NA,NA,NA,N
0,98,NA,NA,NA,NA,NA,N
0,99,NA,NA,NA,NA,NA,N
0,100,NA,NA,NA,NA,NA,N
0,101,NA,NA,NA,NA,NA,N
0,102,NA,NA,NA,NA,NA,N
0,103,NA,NA,NA,NA,NA,N
0,104,NA,NA,NA,NA,NA,N
0,105,NA,NA,NA,NA,NA,N
0,106,NA,NA,NA,NA,NA,N
0,107,NA,NA,NA,NA,NA,N
0,108,NA,NA,NA,NA,NA,N
0,109,NA,NA,NA,NA,NA,N
0,110,NA,NA,NA,NA,NA,N
0,111,NA,NA,NA,NA,NA,N
0,112,NA,NA,NA,NA,NA,N
0,113,NA,NA,NA,NA,NA,N
0,114,NA,NA,NA,NA,NA,N
0,115,NA,NA,NA,NA,NA,N
0,116,NA,NA,NA,NA,NA,N
0,117,NA,NA,NA,NA,NA,N
0,118,NA,NA,NA,NA,NA,N
0,119,NA,NA,NA,NA,NA,N
0,120,NA,NA,NA,NA,NA,N
0,121,NA,NA,NA,NA,NA,N
0,122,NA,NA,NA,NA,NA,N
0,123,NA,NA,NA,NA,NA,N
0,124,NA,NA,NA,NA,NA,N
0,125,NA,NA,NA,NA,NA,N
0,126,NA,NA,NA,NA,NA,N
0,127,NA,NA,NA,NA,NA,N
0,128,NA,NA,NA,NA,NA,N
0,129,NA,NA,NA,NA,NA,N
0,130,NA,NA,NA,NA,NA,N
0,131,NA,NA,NA,NA,NA,N
0,132,NA,NA,NA,NA,NA,N
0,133,NA,NA,NA,NA,NA,N
0,134,NA,NA,NA,NA,NA,N
0,135,NA,NA,NA,NA,NA,N
0,136,NA,NA,NA,NA,NA,N
0,137,NA,NA,NA,NA,NA,N
0,138,NA,NA,NA,NA,NA,N
0,139,NA,NA,NA,NA,NA,N
0,140,NA,NA,NA,NA,NA,N
0,141,NA,NA,NA,NA,NA,N
0,142,NA,NA,NA,NA,NA,N
0,143,NA,NA,NA,NA,NA,N
0,144,NA,NA,NA,NA,NA,N
0,145,NA,NA,NA,NA,NA,N
0,146,NA,NA,NA,NA,NA,N
0,147,NA,NA,NA,NA,NA,N
0,148,NA,NA,NA,NA,NA,N
0,149,NA,NA,NA,NA,NA,N
0,150,NA,NA,NA,NA,NA,N
0,151,NA,NA,NA,NA,NA,N
0,152,NA,NA,NA,NA,NA,N
0,153,0.6435640628489349,2.4857018276656975,3.0255589190120094,290.1004235728538,-2.054782652812154,Y
0,154,NA,NA,NA,NA,NA,N
0,155,NA,NA,NA,NA,NA,N
0,156,NA,NA,NA,NA,NA,N
0,157,NA,NA,NA,NA,NA,N
0,158,NA,NA,NA,NA,NA,N
0,159,NA,NA,NA,NA,NA,N
0,160,NA,NA,NA,NA,NA,N
0,161,NA,NA,NA,NA,NA,N
0,162,NA,NA,NA,NA,NA,N
0,163,NA,NA,NA,NA,NA,N
0,164,NA,NA,NA,NA,NA,N
0,165,NA,NA,NA,NA,NA,N
0,166,NA,NA,NA,NA,NA,N
0,167,NA,NA,NA,NA,NA,N
0,168,NA,NA,NA,NA,NA,N
0,169,NA,NA,NA,NA,NA,N
0,170,NA,NA,NA,NA,NA,N
0,171,NA,NA,NA,NA,NA,N
0,172,NA,NA,NA,NA,NA,N
0,173,NA,NA,NA,NA,NA,N
0,174,NA,NA,NA,NA,NA,N
0,175,NA,NA,NA,NA,NA,N
0,176,NA,NA,NA,NA,NA,N
0,177,NA,NA,NA,NA,NA,N
0,178,NA,NA,NA,NA,NA,N
0,179,NA,NA,NA,NA,NA,N
0,180,NA,NA,NA,NA,NA,N
0,181,NA,NA,NA,NA,NA,N
0,182,NA,NA,NA,NA,NA,N
0,183,NA,NA,NA,NA,NA,N
0,184,NA,NA,NA,NA,NA,N
0,185,NA,NA,NA,NA,NA,N
0,186,NA,NA,NA,NA,NA,N
0,187,NA,NA,NA,NA,NA,N
0,188,0.0033366806847688365,1.348602509178192,0.00012148417683807418,282.96292859343674,-136.4440264547436,Y
0,189,0.010328241848112759,0.7447175541981755,-0.00018029970537234243,301.97599344642396,-204.21211497727384,Y
0,190,0.008774582524257562,0.9214042923455111,-0.00030592841808551425,294.36273948507113,-150.6718066170641,Y
0,191,1.2028597584927493e-10,22.421233725157922,21.88085673367234,288.9927336257419,-199.48372299063186,Y
0,192,0.010670259350284856,0.8079784215759488,0.00010078469206607657,289.855131466717,-161.5664123513544,Y
0,193,0.013082979328583242,0.7671558719848073,0.0030594458202754557,289.5497412795078,-166.983762144886,Y
0,194,NA,NA,NA,NA,NA,N
0,195,NA,NA,NA,NA,NA,N
0,196,NA,NA,NA,NA,NA,N
0,197,9.485731686065886e-12,24.011924287176775,23.425873245334255,289.27739038719335,-169.83569467102726,Y
0,198,0.008314244488207964,0.8848837570914941,-0.0003193304248032394,289.7876156709353,-153.4954584980683,Y
0,199,0.007661206721113142,0.9397450842410301,-0.0006093615156347377,292.5994981875649,-228.60329661127858,Y
0,200,0.00856817781729965,0.838398165024981,7.733884740561306e-05,293.81398842745955,-188.8324455973713,Y
0,201,1.1595838864637499e-10,22.3951633081174,21.515211035988813,288.8820973194654,-153.66322667937584,Y
0,202,0.008206730361030168,0.9128973358379593,0.0001761353575975105,293.86792524704157,-194.51320173451626,Y
0,203,6.755765227637856e-08,16.532589815358694,15.739372846883617,288.1077443824233,-222.14357464921972,Y
0,204,0.00748921955375634,1.0139431992532348,0.0014418091581032818,292.78033429494747,-188.42672842262073,Y
0,205,0.007393529235288346,0.9747689458186312,-0.00022525189530453197,299.54968805684416,-169.4427495734537,Y
0,206,0.009279787106223875,0.7685324820129128,-2.153477132788809e-05,300.3838055530288,-149.19532489916608,Y
0,207,NA,NA,NA,NA,NA,N
0,208,0.01269234499269175,0.675028853366993,0.001137061520173963,292.6606431764618,-232.75895759996655,Y
0,209,2.522430529001337e-10,21.072106061533788,20.55237638026633,289.05238757960217,-183.43426250396683,Y
0,210,NA,NA,NA,NA,NA,N
0,211,1.6842484829108928e-10,22.719674747886707,22.09545331446209,288.761115106049,-166.49218204558997,Y
0,212,0.015812224867054005,0.5162161137341998,-0.0013864379000269032,296.6736887178574,-185.0287425391281,Y
0,213,1.0737099281056347e-11,24.96393946367001,24.104633549763225,288.95847865251534,-111.57157409029172,Y
0,214,0.009491360668027315,0.8279422862533495,0.00040381876399407993,293.93767903497195,-197.38755452706627,Y
0,215,NA,NA,NA,NA,NA,N
0,216,4.1722037018140425e-10,21.401084090108856,20.80078207152967,288.7245540364655,-174.34900359347526,Y
0,217,1.1248899237134627e-11,24.5118444143264,24.1766436756163,289.1055591499641,-99.39465309451326,Y
0,218,2.237764925400207e-09,19.11760672759761,18.36596766995033,288.75848288178855,-135.35007691524694,Y
0,219,0.009907904223513198,0.7435144992425402,-0.0002596105428772903,299.4164478045017,-191.89573780628618,Y
0,220,0.012293396013688503,0.5907419898124024,-0.00013376176353409135,296.99175246901757,-187.07373122368105,Y
0,221,0.008563195330492948,0.811594678177265,3.176156355068031e-05,291.37994669086186,-180.00049815545276,Y
0,222,9.109328322921904e-11,22.716178128931116,21.91110365190247,288.8508711817231,-215.91344011451469,Y
0,223,0.007488069865144492,0.8888099443851422,-3.5290066880804534e-05,292.33576699247635,-123.48256370768263,Y
0,224,1.3428658826498646e-09,19.883782910805465,19.151260293612303,288.7377370905494,-123.87118245418833,Y
0,225,0.011034844693078775,0.6724899244408333,4.031655991565614e-05,297.78860781556017,-197.30281449949518,Y
0,226,1.6845152610920512e-10,22.011541031280057,21.502275526244908,288.88596348778054,-180.15708064481822,Y
0,227,NA,NA,NA,NA,NA,N
0,228,1.2569107108730709e-11,24.034408190270888,23.308115252350852,289.21726092217386,-166.30004481381997,Y
0,229,NA,NA,NA,NA,NA,N
0,230,NA,NA,NA,NA,NA,N
0,231,NA,NA,NA,NA,NA,N
0,232,NA,NA,NA,NA,NA,N
0,233,4.118529197444284e-12,25.8299949650765,25.35979911463373,289.14940803031334,-180.48773200492738,Y
0,234,NA,NA,NA,NA,NA,N
0,235,NA,NA,NA,NA,NA,N
0,236,NA,NA,NA,NA,NA,N
0,237,0.005219116344892431,2.036739785563973,1.6758620838872529,287.6733078306197,-181.84287909338832,Y
0,238,NA,NA,NA,NA,NA,N
0,239,0.010765362867770622,0.805996788728668,-0.001133603579243016,289.7486218330938,-147.92998860282526,Y
0,240,0.0014254072960513142,3.17707183579359,2.5981053837256445,288.3686788139111,-174.0422554466352,Y
0,241,NA,NA,NA,NA,NA,N
0,242,0.001450902992770231,2.086026177297781,3.2837938243191864,295.50354684778557,-98.44569567131065,Y
0,243,NA,NA,NA,NA,NA,N
0,244,2.5348096886973638e-08,16.98741365305694,16.095108788203184,288.49636757777745,-166.50301205036345,Y
0,245,NA,NA,NA,NA,NA,N
0,246,NA,NA,NA,NA,NA,N
0,247,NA,NA,NA,NA,NA,N
0,248,1.4437786405110962e-09,20.169541014265317,19.494165537905452,288.72067561847604,-168.35380995915105,Y
0,249,NA,NA,NA,NA,NA,N
0,250,NA,NA,NA,NA,NA,N
0,251,NA,NA,NA,NA,NA,N
0,252,NA,NA,NA,NA,NA,N
0,253,5.176236632661564e-10,20.399135213444737,20.1246761032477,289.0864747923902,-161.01276737227315,Y
0,254,0.01843465071784954,0.25225384377669374,0.00025284110497234306,356.63605087246674,-71.5926485873557,Y
0,255,NA,NA,NA,NA,NA,N
0,256,NA,NA,NA,NA,NA,N
0,257,NA,NA,NA,NA,NA,N
0,258,NA,NA,NA,NA,NA,N
0,259,0.014511834640804763,0.4827198547713807,-0.00035121844386884986,307.58039073327416,-173.28253853684436,Y
0,260,NA,NA,NA,NA,NA,N
0,261,NA,NA,NA,NA,NA,N
0,262,NA,NA,NA,NA,NA,N
0,263,NA,NA,NA,NA,NA,N
0,264,NA,NA,NA,NA,NA,N
0,265,6.67504220449493e-11,22.76604050232541,22.3762541069667,289.0605649697027,-150.05956240027749,Y
0,266,6.220670068270832e-09,17.87050853862111,17.61799247569852,288.80166359730015,-172.91579706187585,Y
0,267,NA,NA,NA,NA,NA,N
0,268,NA,NA,NA,NA,NA,N
0,269,NA,NA,NA,NA,NA,N
0,270,NA,NA,NA,NA,NA,N
0,271,NA,NA,NA,NA,NA,N
0,272,NA,NA,NA,NA,NA,N
0,273,0.002929731552162067,1.9591577747939082,1.564958618577114,289.1186871530403,-226.5907815143837,Y
0,274,NA,NA,NA,NA,NA,N
0,275,NA,NA,NA,NA,NA,N
0,276,NA,NA,NA,NA,NA,N
0,277,NA,NA,NA,NA,NA,N
0,278,8.07833810953965e-12,24.779398871814514,24.507953695693782,289.2004216570882,-211.3391455509316,Y
0,279,NA,NA,NA,NA,NA,N
0,280,0.009497816852389394,0.6263263621396863,-0.0006274504107142262,289.5102028561316,-188.68581887614403,Y
0,281,0.01062572501233249,0.5148536554105454,8.256773140144941e-05,312.0206190357273,-184.9355646942955,Y
0,282,2.87012956784557e-09,18.077183322461355,17.711726756338415,288.992478927271,-223.18402851150793,Y
0,283,NA,NA,NA,NA,NA,N
0,284,NA,NA,NA,NA,NA,N
0,285,6.701292739520698e-11,23.02332621620526,22.79492663241471,288.9215126641722,-176.3817736181394,Y
0,286,NA,NA,NA,NA,NA,N
0,287,NA,NA,NA,NA,NA,N
0,288,NA,NA,NA,NA,NA,N
0,289,0.010893429030043098,0.5762663382307938,0.004260545304624654,294.5597082000566,-215.8965494754358,Y
0,290,1.2032918516833345e-10,21.957514767661408,21.708279755280216,289.04409867781686,-184.43862398398983,Y
0,291,NA,NA,NA,NA,NA,N
0,292,NA,NA,NA,NA,NA,N
0,293,NA,NA,NA,NA,NA,N
0,294,NA,NA,NA,NA,NA,N
0,295,NA,NA,NA,NA,NA,N
0,296,7.477875389150531e-11,22.538327787511765,22.19450888011732,289.09083664344564,-205.56319665777247,Y
0,297,0.0011198677827258308,2.7487725747216847,2.996214881551484,291.28960311976334,-180.8651667413846,Y
0,298,NA,NA,NA,NA,NA,N
0,299,NA,NA,NA,NA,NA,N
0,300,NA,NA,NA,NA,NA,N
0,301,NA,NA,NA,NA,NA,N
0,302,NA,NA,NA,NA,NA,N
0,303,NA,NA,NA,NA,NA,N
0,304,2.7963330860560324e-10,20.934049233864442,20.610239459653776,288.9946549603755,-438.9276835199036,Y
0,305,NA,NA,NA,NA,NA,N
0,306,NA,NA,NA,NA,NA,N
0,307,NA,NA,NA,NA,NA,N
0,308,NA,NA,NA,NA,NA,N
0,309,0.015246467642019626,0.29440090550261455,0.001556528901111711,298.05495882833947,-77.7272560279261,Y
0,310,NA,NA,NA,NA,NA,N
0,311,NA,NA,NA,NA,NA,N
0,312,NA,NA,NA,NA,NA,N
0,313,NA,NA,NA,NA,NA,N
0,314,NA,NA,NA,NA,NA,N
0,315,5.113337284499556e-07,12.838778969005489,12.247660402565682,288.5245137382749,-304.2703027863011,Y
0,316,NA,NA,NA,NA,NA,N
0,317,NA,NA,NA,NA,NA,N
0,318,NA,NA,NA,NA,NA,N
0,319,NA,NA,NA,NA,NA,N
0,320,NA,NA,NA,NA,NA,N
0,321,NA,NA,NA,NA,NA,N
0,322,NA,NA,NA,NA,NA,N
0,323,NA,NA,NA,NA,NA,N
0,324,NA,NA,NA,NA,NA,N
0,325,NA,NA,NA,NA,NA,N
0,326,0.0033836471335583875,1.307164606613746,1.4121014126655307,292.9775871796017,-111.55282360302678,Y
0,327,NA,NA,NA,NA,NA,N
0,328,NA,NA,NA,NA,NA,N
0,329,NA,NA,NA,NA,NA,N
0,330,NA,NA,NA,NA,NA,N
0,331,NA,NA,NA,NA,NA,N
0,332,NA,NA,NA,NA,NA,N
0,333,NA,NA,NA,NA,NA,N
0,334,0.005910310174321889,0.8865593588358973,0.0016910651503910753,305.04193140423206,-103.71290203124349,Y
0,335,NA,NA,NA,NA,NA,N
0,336,NA,NA,NA,NA,NA,N
0,337,NA,NA,NA,NA,NA,N
0,338,0.004130875597740883,1.2125029725143048,7.026540308677502e-05,305.80515983238786,-104.77108704873396,Y
0,339,NA,NA,NA,NA,NA,N
0,340,NA,NA,NA,NA,NA,N
0,341,1.1199799920385171e-08,17.949536915696463,17.50117633958453,288.4257789794853,-434.5278307066508,Y
0,342,NA,NA,NA,NA,NA,N
0,343,NA,NA,NA,NA,NA,N
0,344,0.007372420208269483,0.8406815902579771,-0.00033448969629423526,290.04944510217405,-168.25377549091397,Y
0,345,0.003736355952495073,1.6677829744634634,0.9457472314156066,286.45873815286336,-77.78307061878999,Y
0,346,NA,NA,NA,NA,NA,N
0,347,0.009613169009319855,0.7516453088854124,0.00027684404451587107,292.4147001685084,-130.20368883114278,Y
0,348,NA,NA,NA,NA,NA,N
0,349,NA,NA,NA,NA,NA,N
0,350,NA,NA,NA,NA,NA,N
0,351,0.0038608806375367657,1.7357793664759296,1.373900102780949,290.3318153690501,-103.87778890630375,Y
0,352,NA,NA,NA,NA,NA,N
0,353,0.007567990904796123,0.599180268570342,-2.0355082551564037,287.15714967629617,-157.47342495467132,Y
0,354,NA,NA,NA,NA,NA,N
0,355,NA,NA,NA,NA,NA,N
0,356,NA,NA,NA,NA,NA,N
0,357,NA,NA,NA,NA,NA,N
0,358,NA,NA,NA,NA,NA,N
0,359,NA,NA,NA,NA,NA,N
0,360,0.006466631974789821,0.9316642540988683,-0.0004671574821072265,287.91988810459407,-123.73915185734657,Y
0,361,NA,NA,NA,NA,NA,N
0,362,0.004043800188446448,1.2827484045284687,0.00041609326572013267,303.62605144598547,-117.0716709486275,Y
0,363,NA,NA,NA,NA,NA,N
0,364,NA,NA,NA,NA,NA,N
0,365,0.01132618829003517,0.6888807364625624,0.0011641506799705394,288.9156258062077,-116.13208056582432,Y
0,366,NA,NA,NA,NA,NA,N
0,367,0.004696049744957875,1.114602950521472,-7.72587063507573e-05,300.06695120454935,-129.97522988605002,Y
0,368,NA,NA,NA,NA,NA,N
0,369,NA,NA,NA,NA,NA,N
0,370,NA,NA,NA,NA,NA,N
0,371,NA,NA,NA,NA,NA,N
0,372,NA,NA,NA,NA,NA,N
0,373,NA,NA,NA,NA,NA,N
0,374,NA,NA,NA,NA,NA,N
0,375,NA,NA,NA,NA,NA,N
0,376,NA,NA,NA,NA,NA,N
0,377,NA,NA,NA,NA,NA,N
0,378,0.006880319623998397,1.076843516895209,-0.00021126146909911618,300.30120663299124,-123.46380451993903,Y
0,379,NA,NA,NA,NA,NA,N
0,380,0.0034535259363547245,1.8709367564475976,1.0341077870892827,287.0930207662277,-94.73167226015201,Y
0,381,NA,NA,NA,NA,NA,N
0,382,NA,NA,NA,NA,NA,N
0,383,NA,NA,NA,NA,NA,N
0,384,NA,NA,NA,NA,NA,N
0,385,NA,NA,NA,NA,NA,N
0,386,NA,NA,NA,NA,NA,N
0,387,0.012461687877423928,0.6847271821427263,0.001156124563337921,296.78946879641785,-88.02251105254092,Y
0,388,NA,NA,NA,NA,NA,N
0,389,NA,NA,NA,NA,NA,N
0,390,NA,NA,NA,NA,NA,N
0,391,NA,NA,NA,NA,NA,N
0,392,NA,NA,NA,NA,NA,N
0,393,NA,NA,NA,NA,NA,N
0,394,0.016429595730913977,0.5397331890649958,0.0017591234324558684,290.2453300866233,-133.90903192818837,Y
0,395,0.0072528846675159195,0.8974700664598781,-2.2180024496733968e-05,292.573396448704,-156.1821548102117,Y
0,396,NA,NA,NA,NA,NA,N
0,397,NA,NA,NA,NA,NA,N
0,398,NA,NA,NA,NA,NA,N
0,399,NA,NA,NA,NA,NA,N
0,400,NA,NA,NA,NA,NA,N
0,401,NA,NA,NA,NA,NA,N
0,402,NA,NA,NA,NA,NA,N
0,403,NA,NA,NA,NA,NA,N
0,404,NA,NA,NA,NA,NA,N
0,405,NA,NA,NA,NA,NA,N
0,406,0.007257359920709655,1.0404669584559376,0.001465123974245938,300.9058264082264,-138.25733242009238,Y
0,407,0.007015223146663791,1.0452012033642615,0.0007720372219975995,301.4410687188452,-96.1439582272297,Y
0,408,NA,NA,NA,NA,NA,N
0,409,NA,NA,NA,NA,NA,N
0,410,0.004691836561891483,1.3375200138455026,1.3360012945476438,291.42184005771674,-54.83836431882012,Y
0,411,0.0072902496676215305,1.3158036058051004,1.4313877173649912,290.02333231168967,-117.39064653198166,Y
0,412,NA,NA,NA,NA,NA,N
0,413,0.0028226796844810827,1.7849785529168076,2.999478370956872,293.3393078260182,-101.08877268989852,Y
0,414,NA,NA,NA,NA,NA,N
0,415,NA,NA,NA,NA,NA,N
0,416,0.003645647027646957,1.6325316952136653,1.6363743677278981,290.2675161651026,-138.74168069049153,Y
0,417,NA,NA,NA,NA,NA,N
0,418,NA,NA,NA,NA,NA,N
0,419,0.005163569783047512,1.690463292133054,1.2410596882631317,289.2857214297956,-155.9492610705761,Y
0,420,0.005353652453643664,1.1214342152470165,-4.304843059511616e-05,285.89110610398666,-94.06267764402091,Y
0,421,NA,NA,NA,NA,NA,N
0,422,NA,NA,NA,NA,NA,N
0,423,NA,NA,NA,NA,NA,N
0,424,NA,NA,NA,NA,NA,N
0,425,NA,NA,NA,NA,NA,N
0,426,NA,NA,NA,NA,NA,N
0,427,NA,NA,NA,NA,NA,N
0,428,0.0026386096954977905,1.0018652776895183,-0.0018312306874421445,306.9935960538896,-111.33011224566897,Y
0,429,NA,NA,NA,NA,NA,N
0,430,NA,NA,NA,NA,NA,N
0,431,NA,NA,NA,NA,NA,N
0,432,NA,NA,NA,NA,NA,N
0,433,NA,NA,NA,NA,NA,N
0,434,NA,NA,NA,NA,NA,N
0,435,NA,NA,NA,NA,NA,N
0,436,NA,NA,NA,NA,NA,N
0,437,NA,NA,NA,NA,NA,N
0,438,NA,NA,NA,NA,NA,N
0,439,NA,NA,NA,NA,NA,N
0,440,NA,NA,NA,NA,NA,N
0,441,NA,NA,NA,NA,NA,N
0,442,NA,NA,NA,NA,NA,N
0,443,NA,NA,NA,NA,NA,N
0,444,NA,NA,NA,NA,NA,N
0,445,NA,NA,NA,NA,NA,N
0,446,NA,NA,NA,NA,NA,N
0,447,NA,NA,NA,NA,NA,N
0,448,NA,NA,NA,NA,NA,N
0,449,NA,NA,NA,NA,NA,N
0,450,0.002175049047111295,1.1790555421756443,0.00014522378317251912,305.12375218667665,-162.07272219203858,Y
0,451,0.0040466401630311274,0.5898229023312181,0.11062647315476162,294.8031423447239,-91.25009796831932,Y
0,452,NA,NA,NA,NA,NA,N
0,453,NA,NA,NA,NA,NA,N
0,454,NA,NA,NA,NA,NA,N
0,455,NA,NA,NA,NA,NA,N
0,456,NA,NA,NA,NA,NA,N
0,457,NA,NA,NA,NA,NA,N
0,458,NA,NA,NA,NA,NA,N
0,459,NA,NA,NA,NA,NA,N
0,460,NA,NA,NA,NA,NA,N
0,461,NA,NA,NA,NA,NA,N
0,462,NA,NA,NA,NA,NA,N
0,463,NA,NA,NA,NA,NA,N
0,464,0.0012950448731565106,4.575812560270813,4.271464586756815,291.2098344801164,-47.62848472827454,Y
0,465,NA,NA,NA,NA,NA,N
0,466,NA,NA,NA,NA,NA,N
0,467,NA,NA,NA,NA,NA,N
0,468,NA,NA,NA,NA,NA,N
0,469,NA,NA,NA,NA,NA,N
0,470,NA,NA,NA,NA,NA,N
0,471,NA,NA,NA,NA,NA,N
0,472,NA,NA,NA,NA,NA,N
0,473,NA,NA,NA,NA,NA,N
0,474,NA,NA,NA,NA,NA,N
0,475,NA,NA,NA,NA,NA,N
0,476,0.9593558988490164,1.1538880794612132,0.9147229962035072,282.70285627975306,-25.567463519824663,Y
0,477,NA,NA,NA,NA,NA,N
0,478,3849.9933865072194,6.5020354891582866,6.037006239226756,273.98869145695693,-31.532307270577824,Y
0,479,3.170527013377139,0.6057016640613039,1.014535376171638,286.13407644867067,-32.231334201029135,Y
0,480,NA,NA,NA,NA,NA,N
0,481,NA,NA,NA,NA,NA,N
0,482,NA,NA,NA,NA,NA,N
0,483,NA,NA,NA,NA,NA,N
0,484,NA,NA,NA,NA,NA,N
0,485,NA,NA,NA,NA,NA,N
0,486,NA,NA,NA,NA,NA,N
0,487,2133101402.302567,18.16898512147971,17.762456638893212,273.85046857287875,-72.16921731299118,Y
0,488,1.3422999615796773,3.292131806931306,3.877635387450605,280.5671429879563,-45.32984964600584,Y
0,489,17.44563749418064,4.276265736906955,4.058216321064569,274.0626737396655,-51.992491357312225,Y
0,490,NA,NA,NA,NA,NA,N
0,491,0.13627646758040568,0.7898371999451239,1.3437256735336436,286.87598903442023,-33.106939441015825,Y
0,492,438385492.54466695,15.864809882912576,15.794498721390648,273.73530823123065,-53.697961637180974,Y
0,493,NA,NA,NA,NA,NA,N
0,494,2.7419287601534896,5.281402086159641,5.307239474042919,279.1757421533093,-44.4697629109525,Y
0,495,8634905908.456926,19.226692082549988,19.13717393270656,274.33798480977714,-53.62127156722441,Y
0,496,NA,NA,NA,NA,NA,N
0,497,0.7278408160066496,3.894467086503569,4.3584132441717784,281.12360333054085,-48.467085756360134,Y
0,498,0.6845974450663915,1.4788216370218492,1.2245166593798584,273.0554659907972,-45.74454297421358,Y
0,499,143131953.66814467,15.83949687143046,15.987593259327847,274.67344366159307,-31.676804814358015,Y
0,500,NA,NA,NA,NA,NA,N
0,501,NA,NA,NA,NA,NA,N
0,502,NA,NA,NA,NA,NA,N
0,503,0.3031080917073525,1.5067387116648914,2.7000886742689585,282.4371564615351,-31.87485212964834,Y
0,504,NA,NA,NA,NA,NA,N
0,505,NA,NA,NA,NA,NA,N
0,506,0.07551254166519125,13.979679965149783,14.484183366333216,286.9552065545922,4.692487946366316,Y
0,507,291.8775370886278,-0.4388301850563648,3.5452525694244624e-05,308.3154279019527,13.246060611570995,Y
0,508,841.2476603316802,3.1885367249465184,3.0938692166810244,274.30589314999906,12.369115249204867,Y
0,509,1295.2169915907064,3.7407943201770544,3.612723456871575,274.2333461613873,6.738419114425883,Y
0,510,1906.9198454386528,3.509420276575552,3.4639714002006414,273.8205146313588,8.259477413191702,Y
0,511,152.68325972748272,2.55356365026623,2.4829580711887274,275.9334939215403,10.603605103442295,Y
0,512,36.00010538001848,1.846456925978672,1.867813143661264,280.0352174843794,7.12398152226852,Y
0,513,92.75398284327082,2.226092881600936,2.120984061202502,277.58322545470736,10.339390391742084,Y
0,514,NA,NA,NA,NA,NA,N
0,515,26.69992283894004,1.7661105220950333,1.7618632557460283,280.8713143710605,-15.32538862798523,Y
0,516,NA,NA,NA,NA,NA,N
0,517,NA,NA,NA,NA,NA,N
0,518,85.86657431400158,2.843952532810082,2.9840516885455224,278.45790639772645,3.341180448642734,Y
0,519,413.0106525469498,2.5084038500554087,2.5287974888435265,273.84612115095763,-6.045378788005815,Y
0,520,100.53383030891408,1.6424187678756368,1.761032144617739,274.9667357539436,1.7624962883073803,Y
0,521,NA,NA,NA,NA,NA,N
0,522,852423.9958434391,7.518178529281114,7.713429039225169,273.3646812684596,6.2242399537069435,Y
0,523,31.765863629558726,1.6473841748765008,1.9307124228163033,281.4752166158606,1.8374398404322871,Y
0,524,244.35461434390945,2.694131234890409,2.8505668567657314,275.39847539981713,5.019165489210274,Y
0,525,3870.030481047709,4.103143660594962,4.044125121754358,273.09838342889947,8.488800167764968,Y
0,526,713.2182441680936,2.887435269083062,2.937872732351446,273.61162790240536,0.9284534788595753,Y
0,527,918.7805702745247,3.3972038247770158,3.6152590405948297,274.2194624730841,6.952075968675453,Y
0,528,NA,NA,NA,NA,NA,N
0,529,NA,NA,NA,NA,NA,N
0,530,NA,NA,NA,NA,NA,N
0,531,NA,NA,NA,NA,NA,N
0,532,NA,NA,NA,NA,NA,N
0,533,NA,NA,NA,NA,NA,N
0,534,NA,NA,NA,NA,NA,N
0,535,NA,NA,NA,NA,NA,N
0,536,0.45230464314819907,0.7902058313872093,1.5915383365176132,292.328564922549,-47.14810424503059,Y
0,537,806.5642018842755,3.887844415083753,3.826642262152961,273.0544647934745,-25.898150026755495,Y
0,538,13.958857720209085,0.16302932167721793,5.982774474555958e-05,335.1933649412376,-4.354939897319099,Y
0,539,NA,NA,NA,NA,NA,N
0,540,NA,NA,NA,NA,NA,N
0,541,40.73058175917437,-0.04349568698522875,0.11460283941565945,284.74055657428704,0.04221735802488613,Y
0,542,NA,NA,NA,NA,NA,N
0,543,NA,NA,NA,NA,NA,N
0,544,NA,NA,NA,NA,NA,N
0,545,NA,NA,NA,NA,NA,N
0,546,NA,NA,NA,NA,NA,N
0,547,NA,NA,NA,NA,NA,N
0,548,375.7182457898248,0.16644198096917476,-0.0004926325831486253,334.9467469072884,18.800210567830224,Y
0,549,NA,NA,NA,NA,NA,N
0,550,NA,NA,NA,NA,NA,N
0,551,590.2930117339625,-0.04071293534296542,0.00016417834120255578,392.53407248978147,38.72239664313514,Y
0,552,NA,NA,NA,NA,NA,N
0,553,NA,NA,NA,NA,NA,N
0,554,NA,NA,NA,NA,NA,N
0,555,NA,NA,NA,NA,NA,N
0,556,NA,NA,NA,NA,NA,N
0,557,NA,NA,NA,NA,NA,N
0,558,NA,NA,NA,NA,NA,N
0,559,NA,NA,NA,NA,NA,N
0,560,NA,NA,NA,NA,NA,N
0,561,NA,NA,NA,NA,NA,N
0,562,NA,NA,NA,NA,NA,N
0,563,0.9454182352133432,1.2918257153654724,0.6603968947220933,280.5400082592203,-26.88736902560496,Y
0,564,NA,NA,NA,NA,NA,N
0,565,NA,NA,NA,NA,NA,N
0,566,NA,NA,NA,NA,NA,N
0,567,811361.7912021332,13.849625739761278,13.190564758512497,275.7826657380718,-32.77241044743876,Y
0,568,NA,NA,NA,NA,NA,N
0,569,NA,NA,NA,NA,NA,N
0,570,NA,NA,NA,NA,NA,N
0,571,NA,NA,NA,NA,NA,N
0,572,NA,NA,NA,NA,NA,N
0,573,NA,NA,NA,NA,NA,N
0,574,NA,NA,NA,NA,NA,N
0,575,NA,NA,NA,NA,NA,N
0,576,NA,NA,NA,NA,NA,N
0,577,NA,NA,NA,NA,NA,N
0,578,NA,NA,NA,NA,NA,N
0,579,NA,NA,NA,NA,NA,N
0,580,NA,NA,NA,NA,NA,N
0,581,NA,NA,NA,NA,NA,N
0,582,NA,NA,NA,NA,NA,N
0,583,NA,NA,NA,NA,NA,N
0,584,81.56662348277088,7.458903820609814,7.266218389188834,280.69257401065624,3.83606470956542,Y
0,585,20.409561572502778,8.091417015730276,7.789408723012625,280.60835034858206,-21.141456473235564,Y
0,586,NA,NA,NA,NA,NA,N
0,587,NA,NA,NA,NA,NA,N
0,588,NA,NA,NA,NA,NA,N
0,589,NA,NA,NA,NA,NA,N
0,590,NA,NA,NA,NA,NA,N
0,591,NA,NA,NA,NA,NA,N
0,592,NA,NA,NA,NA,NA,N
0,593,NA,NA,NA,NA,NA,N
0,594,70.39894130726205,1.237837379899714,1.256374043687793,283.9889683540012,24.673238635916096,Y
0,595,NA,NA,NA,NA,NA,N
0,596,22.657816904070604,2.1852384138395133,2.166549270495494,287.69909649405975,50.538572439933354,Y
0,597,NA,NA,NA,NA,NA,N
0,598,NA,NA,NA,NA,NA,N
0,599,NA,NA,NA,NA,NA,N
0,600,NA,NA,NA,NA,NA,N
0,601,NA,NA,NA,NA,NA,N
0,602,NA,NA,NA,NA,NA,N
0,603,NA,NA,NA,NA,NA,N
0,604,NA,NA,NA,NA,NA,N
0,605,NA,NA,NA,NA,NA,N
0,606,NA,NA,NA,NA,NA,N
0,607,9.217164461386142,0.7828122954135329,1.2355350190750152,291.23132597500665,-9.474236726266579,Y
0,608,NA,NA,NA,NA,NA,N
0,609,NA,NA,NA,NA,NA,N
0,610,NA,NA,NA,NA,NA,N
0,611,NA,NA,NA,NA,NA,N
0,612,NA,NA,NA,NA,NA,N
0,613,NA,NA,NA,NA,NA,N
0,614,NA,NA,NA,NA,NA,N
0,615,NA,NA,NA,NA,NA,N
0,616,NA,NA,NA,NA,NA,N
0,617,2.7918138223851954,1.07346766473155,0.5420975164567824,262.27420586634264,-30.262649314318566,Y
0,618,0.7519721361510376,0.5927713214968445,1.0337746141991376e-05,277.8789277426217,-35.75249415322819,Y
0,619,2.3168257385603486,1.4395415073189195,0.9808515164696273,273.11082215407407,-34.89093416795221,Y
0,620,165130.894238047,14.602544042872307,14.040688882205048,277.0196242304842,-40.55604519539176,Y
0,621,18.301925409579024,2.96774044647121,2.450341157199996,274.60962386075795,-37.1574405681233,Y
0,622,NA,NA,NA,NA,NA,N
0,623,NA,NA,NA,NA,NA,N
0,624,14.206103019918787,2.970884375046724,2.4056825368435604,274.1210778617976,-40.048113180089246,Y
0,625,0.9114877961166981,1.5907597418226147,1.1327331512898677,280.8297209845779,-39.992838637825926,Y
0,626,NA,NA,NA,NA,NA,N
0,627,0.13782524859444797,24.466967267124517,23.58587649021336,283.2130556595471,-24.966395131271888,Y
0,628,NA,NA,NA,NA,NA,N
0,629,NA,NA,NA,NA,NA,N
0,630,NA,NA,NA,NA,NA,N
0,631,NA,NA,NA,NA,NA,N
0,632,NA,NA,NA,NA,NA,N
0,633,2.432810927251293,0.4425696367607246,0.9973085780832034,295.70422550183054,-41.18550686221849,Y
0,634,1.553537738862275,0.8056599964885144,1.1138714242614636,293.35466010126805,-82.4321538475896,Y
0,635,0.8318817545963213,0.707150408840765,1.1476120747278231,301.1306834448368,-51.49782010338255,Y
0,636,NA,NA,NA,NA,NA,N
0,637,NA,NA,NA,NA,NA,N
0,638,NA,NA,NA,NA,NA,N
0,639,0.10930331202673081,1.5790372693743457,1.2164262370568797,285.3733435538822,-65.82827843715566,Y
0,640,NA,NA,NA,NA,NA,N
0,641,0.04476451141220921,2.0180672416969476,1.6365364905236355,288.68536814730646,-58.40531011716435,Y
0,642,NA,NA,NA,NA,NA,N
0,643,NA,NA,NA,NA,NA,N
0,644,54348189.98932672,14.39048359128677,14.122606248577481,275.82159175653084,25.375952467025005,Y
0,645,52768986.4931714,14.610862211000718,14.354695411493413,275.64056296104917,9.272618067565915,Y
0,646,NA,NA,NA,NA,NA,N
0,647,0.5749709862075334,0.9678877089328493,0.7322525828115978,291.7356828542814,-67.153099838016,Y
0,648,0.3253305362813015,0.9700783398896481,2.353244086084068,295.84248135470045,-11.556854161159865,Y
0,649,NA,NA,NA,NA,NA,N
0,650,NA,NA,NA,NA,NA,N
0,651,8.947027639428563e-08,20.985920918708352,20.872164781929506,288.63819394527764,-18.684048118065178,Y
0,652,12.605524255560239,1.3920918350130111,1.0658687168620893,285.2887115366134,22.952348119642448,Y
0,653,NA,NA,NA,NA,NA,N
0,654,NA,NA,NA,NA,NA,N
0,655,NA,NA,NA,NA,NA,N
0,656,40.111507760339656,0.2536215726285896,0.0001744300189711803,325.1787949472218,20.855830334102997,Y
0,657,15.467701059916966,2.7154999950059375,2.94030252357702,285.8171451121658,3.3995151976063775,Y
0,658,NA,NA,NA,NA,NA,N
0,659,NA,NA,NA,NA,NA,N
0,660,NA,NA,NA,NA,NA,N
0,661,NA,NA,NA,NA,NA,N
0,662,0.1713660845463498,3.478788718571266,2.8990157525289666,287.92932540463937,-20.668913407728336,Y
0,663,NA,NA,NA,NA,NA,N
0,664,125.13208619249731,1.5161440486155875,1.4690892356833234,282.3025439520897,6.254552775177954,Y
0,665,NA,NA,NA,NA,NA,N
0,666,139.4504614893812,1.566459625682315,1.5770558570369848,281.16516203061127,-7.292541694507047,Y
0,667,NA,NA,NA,NA,NA,N
0,668,64.4837700682976,2.0572139739481394,1.9804650366000378,283.08461866633235,-30.966691429210933,Y
0,669,NA,NA,NA,NA,NA,N
0,670,11.861734724487823,0.24828916528771044,0.0003319094759878403,325.1011121365509,-6.8609128961537635,Y
0,671,NA,NA,NA,NA,NA,N
0,672,NA,NA,NA,NA,NA,N
0,673,2257.2616030031936,7.373704261806365,7.054041327808082,275.2638960013766,-32.27890031455644,Y
0,674,NA,NA,NA,NA,NA,N
0,675,13303.129316005035,13.695032998023617,13.365250603389592,278.0228480205572,-35.098193864903244,Y
0,676,0.23328621301319874,-0.20585454836248887,-2.7738649472265036,240.63063688636686,-89.18675063652563,Y
0,677,1.111170239647416,-0.1795918611639999,5.206141380441733e-05,336.5403968918165,-52.47543479977168,Y
0,678,NA,NA,NA,NA,NA,N
0,679,NA,NA,NA,NA,NA,N
0,680,NA,NA,NA,NA,NA,N
0,681,NA,NA,NA,NA,NA,N
0,682,NA,NA,NA,NA,NA,N
0,683,NA,NA,NA,NA,NA,N
0,684,NA,NA,NA,NA,NA,N
0,685,NA,NA,NA,NA,NA,N
0,686,NA,NA,NA,NA,NA,N
0,687,NA,NA,NA,NA,NA,N
0,688,NA,NA,NA,NA,NA,N
0,689,NA,NA,NA,NA,NA,N
0,690,NA,NA,NA,NA,NA,N
0,691,NA,NA,NA,NA,NA,N
0,692,NA,NA,NA,NA,NA,N
0,693,NA,NA,NA,NA,NA,N
0,694,0.12399137081838871,3.9574279802915533,4.116953758329435,291.2355467438135,-4.45103883592135,Y
0,695,NA,NA,NA,NA,NA,N
0,696,NA,NA,NA,NA,NA,N
0,697,3.2492658669046426,4.262777444105545,3.7865395745210413,289.2911358819486,10.384371422742186,Y
0,698,NA,NA,NA,NA,NA,N
0,699,NA,NA,NA,NA,NA,N
0,700,NA,NA,NA,NA,NA,N
0,701,NA,NA,NA,NA,NA,N
0,702,NA,NA,NA,NA,NA,N
0,703,NA,NA,NA,NA,NA,N
0,704,NA,NA,NA,NA,NA,N
0,705,NA,NA,NA,NA,NA,N
0,706,NA,NA,NA,NA,NA,N
0,707,NA,NA,NA,NA,NA,N
0,708,NA,NA,NA,NA,NA,N
0,709,NA,NA,NA,NA,NA,N
0,710,NA,NA,NA,NA,NA,N
0,711,NA,NA,NA,NA,NA,N
0,712,NA,NA,NA,NA,NA,N
0,713,NA,NA,NA,NA,NA,N
0,714,18.965134535075425,1.467408625195265,2.096924392759074,291.1205194321392,14.618134144260388,Y
0,715,NA,NA,NA,NA,NA,N
0,716,NA,NA,NA,NA,NA,N
0,717,NA,NA,NA,NA,NA,N
0,718,68.09551947559439,0.8719494508815623,2.354857398906542,290.279179711914,46.284723072688976,Y
0,719,NA,NA,NA,NA,NA,N
0,720,NA,NA,NA,NA,NA,N
0,721,NA,NA,NA,NA,NA,N
0,722,NA,NA,NA,NA,NA,N
0,723,NA,NA,NA,NA,NA,N
0,724,0.5705027408536077,6.92107960013219,6.83370221309643,287.7558690611279,84.76214933118673,Y
0,725,NA,NA,NA,NA,NA,N
0,726,19.432833915819494,1.174073352748562,0.9451512235828421,277.93934989422337,-2.2435902568441666,Y
0,727,NA,NA,NA,NA,NA,N
0,728,NA,NA,NA,NA,NA,N
0,729,0.8804924266236721,0.381124354603044,0.0002674560518816567,305.4992386002099,-6.052636221530486,Y
0,730,0.5986235104901121,0.2839798241395759,-0.938073493450468,121.73378847676133,-35.82083860476508,Y
0,731,3.858179549756788,0.8362559989040046,1.5304501151315504,295.29811283388926,-30.84810729758555,Y
0,732,4.936047796760747,1.3772619862565285,1.6035657209997378,291.18686424795976,-9.068677197062886,Y
0,733,4.347472865928694,1.5636979699610174,1.6832765630974131,292.1982883093582,24.39527749659804,Y
0,734,4.847415040605074,0.2808014747049256,1.5019339659859652,451.8370626065837,25.829699170065066,Y
0,735,NA,NA,NA,NA,NA,N
0,736,NA,NA,NA,NA,NA,N
0,737,NA,NA,NA,NA,NA,N
0,738,NA,NA,NA,NA,NA,N
0,739,NA,NA,NA,NA,NA,N
0,740,NA,NA,NA,NA,NA,N
0,741,84.39538073313314,1.1084387432890614,1.8086804652115647,294.21545205645475,32.67344545322345,Y
0,742,NA,NA,NA,NA,NA,N
0,743,0.5250980370915168,0.5167937083396517,-0.00030929589941303907,303.00992452885174,-83.6479883838975,Y
0,744,NA,NA,NA,NA,NA,N
0,745,NA,NA,NA,NA,NA,N
0,746,NA,NA,NA,NA,NA,N
0,747,NA,NA,NA,NA,NA,N
0,748,NA,NA,NA,NA,NA,N
0,749,21.375962141975016,0.7897661212990286,1.0812204913267012,286.51320857174363,-16.182139634305297,Y
0,750,26.572928201611017,1.8502245078725321,1.6736969813869007,283.1131828478714,-2.3504449675092296,Y
0,751,48.93123368118256,2.240345768230672,2.0939802422651677,279.990660961687,-22.702317043879354,Y
0,752,NA,NA,NA,NA,NA,N
0,753,30.7749766845326,1.4913003867236632,1.5416640113215854,284.9009969560715,-9.42508586373561,Y
0,754,NA,NA,NA,NA,NA,N
0,755,NA,NA,NA,NA,NA,N
0,756,NA,NA,NA,NA,NA,N
0,757,38.500863434260545,0.7189740827652719,1.0269253333767927,288.89868848951124,7.066278327229499,Y
0,758,NA,NA,NA,NA,NA,N
0,759,NA,NA,NA,NA,NA,N
0,760,NA,NA,NA,NA,NA,N
0,761,NA,NA,NA,NA,NA,N
0,762,NA,NA,NA,NA,NA,N
0,763,NA,NA,NA,NA,NA,N
0,764,NA,NA,NA,NA,NA,N
0,765,39.809913743549636,0.49351518589749616,0.0003148850648717513,291.26716984289527,37.81987019431694,Y
0,766,70.37063455826987,1.306084160157591,1.3713908210377044,287.62171655300745,57.84110197583178,Y
0,767,14.775481587251393,0.5205569815656252,-9.284906557907105e-06,248.4906373206966,28.191869316476666,Y
0,768,NA,NA,NA,NA,NA,N
0,769,NA,NA,NA,NA,NA,N
0,770,NA,NA,NA,NA,NA,N
0,771,NA,NA,NA,NA,NA,N
0,772,NA,NA,NA,NA,NA,N
0,773,6.583835785100289,0.7813269866335135,1.161951874601864,289.604359633837,-18.565507431292513,Y
0,774,7.000346729167475,0.9945320276864131,1.3578378154121675,286.28066633425925,-12.832670388639546,Y
0,775,NA,NA,NA,NA,NA,N
0,776,NA,NA,NA,NA,NA,N
0,777,3.28020212187554,1.5171465519346146,1.7809169415619006,285.4982948081963,-28.800956568986507,Y
0,778,3.163225606457537,0.7283457948916553,1.2396695927138222,290.56606146680224,-16.505348101778832,Y
0,779,4.374233162856456,1.0132174400541327,1.429226724840059,285.257611509614,-21.731064064096095,Y
0,780,NA,NA,NA,NA,NA,N
0,781,NA,NA,NA,NA,NA,N
0,782,NA,NA,NA,NA,NA,N
0,783,NA,NA,NA,NA,NA,N
0,784,NA,NA,NA,NA,NA,N
0,785,NA,NA,NA,NA,NA,N
0,786,5.133244518953939e-06,16.783194259587923,17.4523340884097,288.17597037942386,-40.17856629466779,Y
0,787,NA,NA,NA,NA,NA,N
0,788,NA,NA,NA,NA,NA,N
0,789,0.19836060840857664,1.3029313447228703,1.708534690860161,291.66664505934654,-23.568123124586563,Y
0,790,NA,NA,NA,NA,NA,N
0,791,1.1108353222782296e-06,16.567804275269577,15.983599450092049,287.9218406704811,-20.66175519503748,Y
0,792,0.01167504272851536,2.6496243930504404,2.363888985863037,290.7317056015872,-26.8368894520667,Y
0,793,NA,NA,NA,NA,NA,N
0,794,NA,NA,NA,NA,NA,N
0,795,NA,NA,NA,NA,NA,N
0,796,NA,NA,NA,NA,NA,N
0,797,NA,NA,NA,NA,NA,N
0,798,NA,NA,NA,NA,NA,N
0,799,2.1803340545957672,0.5745934148867796,-1.2117834055324597,188.09508007117233,8.769928728064205,Y
0,800,NA,NA,NA,NA,NA,N
0,801,NA,NA,NA,NA,NA,N
0,802,28282.55547990896,7.3741937058243465,6.831670365036468,274.00732409595355,13.511530469710983,Y
0,803,7.887780345988495,0.44479002683835756,-2.1217656235501057,60.88480673931318,14.741510421961689,Y
0,804,NA,NA,NA,NA,NA,N
0,805,NA,NA,NA,NA,NA,N
0,806,37.267328170959175,3.74981463083718,3.5180734294784166,282.8413225247461,26.1681946733812,Y
0,807,NA,NA,NA,NA,NA,N
0,808,NA,NA,NA,NA,NA,N
0,809,17.894336620879805,2.4359282282527635,2.131193048337935,282.560724956664,8.271723408819105,Y
0,810,NA,NA,NA,NA,NA,N
0,811,NA,NA,NA,NA,NA,N
0,812,17.357962533902626,1.7523250379822768,1.5121015861150042,283.20575347384073,-2.2360213666612196,Y
0,813,NA,NA,NA,NA,NA,N
0,814,NA,NA,NA,NA,NA,N
0,815,9.371907172310332,4.275219388126178,3.9525112287167232,283.17118467172924,9.30289777626727,Y
0,816,NA,NA,NA,NA,NA,N
0,817,NA,NA,NA,NA,NA,N
0,818,34.05239778009598,1.9139535252575106,1.6417572108143745,282.4415798281002,23.68270523362928,Y
0,819,NA,NA,NA,NA,NA,N
0,820,NA,NA,NA,NA,NA,N
0,821,28.389820229927857,1.220727461380658,0.9427830057276605,283.19512712095957,20.117900705496005,Y
0,822,NA,NA,NA,NA,NA,N
0,823,NA,NA,NA,NA,NA,N
0,824,20.597518008202094,1.39926874634895,1.21392370145183,285.536671653833,26.015921733307678,Y
0,825,NA,NA,NA,NA,NA,N
0,826,NA,NA,NA,NA,NA,N
0,827,16.177110544991404,1.6457173040628261,1.5049740681098178,285.1741504548129,12.866171330653689,Y
0,828,NA,NA,NA,NA,NA,N
0,829,NA,NA,NA,NA,NA,N
0,830,90.44768711753542,2.02791627390432,1.9950260036553151,282.67814441692155,38.973084687513705,Y
0,831,NA,NA,NA,NA,NA,N
0,832,NA,NA,NA,NA,NA,N
0,833,36.49927307374424,1.9968673982476737,1.9191951274472767,283.49144003046996,30.46884225364743,Y
0,834,NA,NA,NA,NA,NA,N
0,835,NA,NA,NA,NA,NA,N
0,836,18.455139051015145,1.6267062409040336,1.621670094146335,287.36340732114104,21.313679435878793,Y
0,837,NA,NA,NA,NA,NA,N
0,838,NA,NA,NA,NA,NA,N
0,839,NA,NA,NA,NA,NA,N
0,840,NA,NA,NA,NA,NA,N
0,841,NA,NA,NA,NA,NA,N
0,842,88.86692439282301,3.974494529832823,3.7355890373104526,281.14722844816816,8.596649937820278,Y
0,843,12.875425763709668,2.7877395566008416,2.752662000097404,277.73119227358296,-45.978241400526784,Y
0,844,NA,NA,NA,NA,NA,N
0,845,NA,NA,NA,NA,NA,N
0,846,NA,NA,NA,NA,NA,N
0,847,0.47712124423445496,0.49885938103941335,1.2160747250631856,300.7901038623823,-37.7250837482027,Y
0,848,0.9572146746141379,0.5793233840919259,1.3032748847131566,298.08698913331034,-41.031898221654686,Y
0,849,NA,NA,NA,NA,NA,N
0,850,NA,NA,NA,NA,NA,N
0,851,NA,NA,NA,NA,NA,N
0,852,NA,NA,NA,NA,NA,N
0,853,NA,NA,NA,NA,NA,N
0,854,NA,NA,NA,NA,NA,N
0,855,NA,NA,NA,NA,NA,N
0,856,NA,NA,NA,NA,NA,N
0,857,NA,NA,NA,NA,NA,N
0,858,NA,NA,NA,NA,NA,N
0,859,NA,NA,NA,NA,NA,N
0,860,NA,NA,NA,NA,NA,N
0,861,NA,NA,NA,NA,NA,N
0,862,NA,NA,NA,NA,NA,N
0,863,NA,NA,NA,NA,NA,N
0,864,NA,NA,NA,NA,NA,N
0,865,NA,NA,NA,NA,NA,N
0,866,NA,NA,NA,NA,NA,N
0,867,NA,NA,NA,NA,NA,N
0,868,NA,NA,NA,NA,NA,N
0,869,NA,NA,NA,NA,NA,N
0,870,NA,NA,NA,NA,NA,N
0,871,NA,NA,NA,NA,NA,N
0,872,NA,NA,NA,NA,NA,N
0,873,1.370883329646431,16.045659024228364,15.849960082831299,285.38707991789136,60.05632093608821,Y
0,874,NA,NA,NA,NA,NA,N
0,875,114.7263530334249,3.376782011606221,2.852895129073983,277.58287810615747,13.684819008035525,Y
0,876,8.394499916815906,1.108587499483249,0.7532025136159256,281.11988827423784,-18.755410127672967,Y
0,877,16.41248485972084,1.947152408695976,1.471111002507526,275.6069152155021,-39.09298911088883,Y
0,878,NA,NA,NA,NA,NA,N
0,879,NA,NA,NA,NA,NA,N
0,880,NA,NA,NA,NA,NA,N
0,881,NA,NA,NA,NA,NA,N
0,882,NA,NA,NA,NA,NA,N
0,883,NA,NA,NA,NA,NA,N
0,884,NA,NA,NA,NA,NA,N
0,885,NA,NA,NA,NA,NA,N
0,886,NA,NA,NA,NA,NA,N
0,887,NA,NA,NA,NA,NA,N
0,888,NA,NA,NA,NA,NA,N
0,889,NA,NA,NA,NA,NA,N
0,890,NA,NA,NA,NA,NA,N
0,891,NA,NA,NA,NA,NA,N
0,892,NA,NA,NA,NA,NA,N
0,893,NA,NA,NA,NA,NA,N
0,894,NA,NA,NA,NA,NA,N
0,895,NA,NA,NA,NA,NA,N
0,896,48.711358611508025,1.0554288544147967,1.0067992556200869,284.4925797788833,-1.4672639005364907,Y
0,897,158.99883696233653,30.06784556098189,29.518956566836817,282.74596819582393,19.68237417253129,Y
0,898,90.3871792645397,26.828639348184065,26.36864718683206,282.86094002236086,15.165680807478147,Y
0,899,10193462287.363756,16.032225232125178,15.90877051685504,276.468982142266,39.477495646526606,Y
0,900,446.62886268982106,4.7858087118930515,4.816216833528827,280.9368518221304,20.159590565131296,Y
0,901,30.816674427652433,0.4747366435423933,0.0004485473408090898,298.4713609294643,-5.603177605003214,Y
0,902,7.1642382415759975,0.5056968122124909,-0.0004360404122591171,310.06617915992587,-52.59945932599219,Y
0,903,NA,NA,NA,NA,NA,N
0,904,3.92761606195696,0.5283337280492031,0.00021973934154112068,291.7840405715813,-24.282429705066626,Y
0,905,NA,NA,NA,NA,NA,N
0,906,NA,NA,NA,NA,NA,N
0,907,1.4757720788029722,20.03596198780574,19.40919592606236,282.37268013816316,-44.7895848260018,Y
0,908,0.1081587352100544,0.5230917170964883,-3.1531766469511164,117.59687683157067,-33.94143351300839,Y
0,909,NA,NA,NA,NA,NA,N
0,910,0.3740096932210348,0.498947216511208,5.011892494109936e-05,245.1277058731817,-30.98000342857189,Y
0,911,NA,NA,NA,NA,NA,N
0,912,0.1002398101530781,1.9848849172555403,1.7521388703143963,288.146093454576,-40.52738718779608,Y
0,913,NA,NA,NA,NA,NA,N
0,914,52.736413809088226,20.387541926720942,19.755933360411504,282.23675780703604,-22.609505685204827,Y
0,915,3.5037939973415244,0.5228796113781552,-3.1314797540844996e-06,308.1379495108554,-5.347616619551662,Y
0,916,NA,NA,NA,NA,NA,N
0,917,5.513200994079468,0.494144246733826,-2.5090341940091603e-05,235.42772958288015,-3.836310788225779,Y
0,918,NA,NA,NA,NA,NA,N
0,919,1.2719605736938555,2.1460857130812134,1.8681524385189758,287.27152545167456,-20.67495642253569,Y
0,920,NA,NA,NA,NA,NA,N
0,921,NA,NA,NA,NA,NA,N
0,922,NA,NA,NA,NA,NA,N
0,923,5.014953779553024,23.331318547043857,23.09099972957891,283.3406703848224,17.739327932632207,Y
0,924,76.91006150678069,0.13772700089225312,-1.4533908692578634,60.36668950510814,13.266606736564874,Y
0,925,134.21787415927872,0.20469579907581756,-0.000190850372019177,323.9930555773622,38.285415303498986,Y
0,926,NA,NA,NA,NA,NA,N
0,927,2.4322499076333983e-25,69.91314582391135,69.98293574923362,289.3435249194517,33.31934784913226,Y
0,928,137.81509806580394,0.1947823257618768,4.095326089605174e-05,341.74496960147286,23.26348388884079,Y
0,929,NA,NA,NA,NA,NA,N
0,930,NA,NA,NA,NA,NA,N
0,931,NA,NA,NA,NA,NA,N
0,932,NA,NA,NA,NA,NA,N
0,933,NA,NA,NA,NA,NA,N
0,934,NA,NA,NA,NA,NA,N
0,935,1281.6386208006659,8.5450168417741,8.575761282250097,281.13891414923825,43.9426093032034,Y
0,936,NA,NA,NA,NA,NA,N
0,937,206.16539057776913,1.1994470961230042,0.8461787554419065,283.2369279480159,46.892778232415935,Y
0,938,451.15697038122903,1.5693538402516052,1.0418443537427573,281.26290259359916,52.01024576145123,Y
0,939,40848.058881153884,9.16962855171081,8.702092669218798,274.839001987318,-138.30364106341221,Y
0,940,NA,NA,NA,NA,NA,N
0,941,NA,NA,NA,NA,NA,N
0,942,NA,NA,NA,NA,NA,N
0,943,NA,NA,NA,NA,NA,N
0,944,NA,NA,NA,NA,NA,N
0,945,240989325.52996075,9.463330940049788,8.658891024774922,268.1221126223606,-1126.722178402907,Y
0,946,NA,NA,NA,NA,NA,N
0,947,17.225035894175747,1.1724853037049767,1.7859014024842168,288.5792876301493,34.36374576989525,Y
0,948,NA,NA,NA,NA,NA,N
0,949,NA,NA,NA,NA,NA,N
0,950,NA,NA,NA,NA,NA,N
0,951,NA,NA,NA,NA,NA,N
0,952,NA,NA,NA,NA,NA,N
0,953,NA,NA,NA,NA,NA,N
0,954,NA,NA,NA,NA,NA,N
0,955,0.1844561587570761,0.5711995210060442,2.19812045874998e-05,305.73974493168686,-29.28926578032147,Y
0,956,0.23517207914050559,1.246145697000597,0.8714665067287237,284.4937343112289,-21.142683904775556,Y
0,957,NA,NA,NA,NA,NA,N
0,958,0.39193963682395727,0.8986458360199667,0.6769407744904768,286.3164532360824,-34.90015838694269,Y
0,959,NA,NA,NA,NA,NA,N
0,960,0.23334184770594454,1.2976928659976734,0.767627818482045,275.55364425673065,-76.26776716739808,Y
0,961,0.21278562594908781,1.40871630993533,0.9427255756177694,277.81465943598647,-49.18313962692007,Y
0,962,NA,NA,NA,NA,NA,N
0,963,33.94952883677568,2.493531222241877,1.9822839937438181,276.91185329470244,-4.334387991248864,Y
0,964,23.536570490567378,0.31126465379667306,0.0002240454419107823,309.90744201795275,16.003525653959894,Y
0,965,NA,NA,NA,NA,NA,N
0,966,24.711985546401824,0.26814583994617214,-4.125491015708164e-05,315.3196649437056,14.492519673915512,Y
0,967,NA,NA,NA,NA,NA,N
0,968,NA,NA,NA,NA,NA,N
0,969,30.659619306076344,0.25024662899342237,-0.00012611794753913588,321.9085434239427,21.188946383249444,Y
0,970,37.571412016448306,0.28078298039557614,0.000125012799410408,304.41419136552526,29.591288460272715,Y
0,971,NA,NA,NA,NA,NA,N
0,972,NA,NA,NA,NA,NA,N
0,973,3.247640135198404,1.827971723203645,1.6806782475000133,280.2123520144188,-33.87768274997966,Y
0,974,5.811743408642826,-0.14494015952506148,-0.8082647124847736,296.6951183647451,-13.38586006335207,Y
0,975,NA,NA,NA,NA,NA,N
0,976,NA,NA,NA,NA,NA,N
0,977,4.316955344613668,11.662278201464625,11.357679213088158,282.25207244419283,-11.263681427314115,Y
0,978,2.0997724052229243,1.6259979645434,1.5168301061375289,282.3572529345071,-13.351036334022378,Y
0,979,NA,NA,NA,NA,NA,N
0,980,1.3781766718388137e+18,45.33983807804843,44.74704153146538,277.04268233311166,49.20444667329304,Y
0,981,NA,NA,NA,NA,NA,N
0,982,NA,NA,NA,NA,NA,N
0,983,5.587095229589152e+16,54.021417596432556,53.304603239739336,278.3681388566039,-16.43585909083736,Y
0,984,NA,NA,NA,NA,NA,N
0,985,NA,NA,NA,NA,NA,N
0,986,1.4118600556492265,0.3566590199067607,1.033476257571663e-05,329.3392315220674,-102.7745250515283,Y
0,987,NA,NA,NA,NA,NA,N
0,988,NA,NA,NA,NA,NA,N
0,989,NA,NA,NA,NA,NA,N
0,990,2.16484006632657,1.404354203285814,1.8551046889346336,293.16987031465237,12.547874003150415,Y
0,991,1.3022990585437928,1.1840011909931603,1.7285561140749934,294.11846391001666,13.687878162728538,Y
0,992,NA,NA,NA,NA,NA,N
0,993,NA,NA,NA,NA,NA,N
0,994,NA,NA,NA,NA,NA,N
0,995,0.2586077345222076,1.9296499364452662,1.8620089156075594,290.8703602977179,-14.353185853269512,Y
0,996,0.210820581300156,2.002754289935497,2.0315976395390907,290.4170616439006,-25.725872223950226,Y
0,997,NA,NA,NA,NA,NA,N
0,998,0.3047348351301678,2.282369383651143,2.064235275440389,288.1281429512295,-24.282676859060388,Y
0,999,0.7553668309101713,9.821093728511485,8.953102889901338,279.7023995008727,-116.2369208743946,Y
0,1000,NA,NA,NA,NA,NA,N
0,1001,0.1505576221568639,-0.7206568022220777,-9.76327199814815e-05,285.30590474271776,-99.87990447394304,Y
0,1002,2.8806770455549926,4.074732281122643,4.35995734684949,278.5716565735887,-44.678740421071744,Y
0,1003,NA,NA,NA,NA,NA,N
0,1004,NA,NA,NA,NA,NA,N
0,1005,NA,NA,NA,NA,NA,N
0,1006,NA,NA,NA,NA,NA,N
0,1007,NA,NA,NA,NA,NA,N
0,1008,NA,NA,NA,NA,NA,N
0,1009,NA,NA,NA,NA,NA,N
0,1010,NA,NA,NA,NA,NA,N
0,1011,NA,NA,NA,NA,NA,N
0,1012,NA,NA,NA,NA,NA,N
0,1013,NA,NA,NA,NA,NA,N
0,1014,NA,NA,NA,NA,NA,N
0,1015,2.7772284729565317,0.8857788286950707,0.7739096296852406,276.057608874269,-17.28143264490273,Y
0,1016,1.1995962230652601,0.14151102112585964,-9.928477922242136e-05,343.02748072130663,-22.095215181238416,Y
0,1017,NA,NA,NA,NA,NA,N
0,1018,NA,NA,NA,NA,NA,N
0,1019,NA,NA,NA,NA,NA,N
0,1020,NA,NA,NA,NA,NA,N
0,1021,0.30784380405873174,2.296087508724784,1.7672592762502093,277.6770322825858,-164.4350042780095,Y
0,1022,0.2644686930387425,2.8695468109134397,2.4082088361929794,280.433171759519,-141.53167138718243,Y
0,1023,0.1058561937820777,1.3558656901908388,1.0050638609919584,281.9642272537151,-146.3020505336478,Y
0,1024,0.06000991649051007,1.780894410013875,1.5084689542996907,284.698773688024,-169.88983789453022,Y
0,1025,NA,NA,NA,NA,NA,N
0,1026,NA,NA,NA,NA,NA,N
0,1027,223108.60954685192,15.167812111059456,15.01149236549441,277.7655956439023,-22.875918511936206,Y
0,1028,6.710701362700269,2.0709094203261467,1.985508731508478,278.1574457624719,-11.382807050201219,Y
0,1029,NA,NA,NA,NA,NA,N
0,1030,NA,NA,NA,NA,NA,N
0,1031,NA,NA,NA,NA,NA,N
0,1032,NA,NA,NA,NA,NA,N
0,1033,NA,NA,NA,NA,NA,N
0,1034,NA,NA,NA,NA,NA,N
0,1035,NA,NA,NA,NA,NA,N
0,1036,NA,NA,NA,NA,NA,N
0,1037,2395.083392683547,2.3155527078630254,2.152123058571829,270.6369466678118,8.257907921382609,Y
0,1038,85.01283079793383,0.9366026139618803,1.1386178643293452,281.9843051089513,-12.529836938909874,Y
0,1039,83.87196592531652,1.1258928427178827,1.3165260200125077,279.2744992655111,7.414496321425595,Y
0,1040,NA,NA,NA,NA,NA,N
0,1041,NA,NA,NA,NA,NA,N
0,1042,NA,NA,NA,NA,NA,N
0,1043,NA,NA,NA,NA,NA,N
0,1044,NA,NA,NA,NA,NA,N
0,1045,87.32055378987525,1.9888014228481343,1.7310426198245294,276.8875758306373,-23.53965515261484,Y
0,1046,NA,NA,NA,NA,NA,N
0,1047,36.57077853858208,1.5482068127292399,1.4473480733102055,280.36346893107896,-1.9624752410368451,Y
0,1048,NA,NA,NA,NA,NA,N
0,1049,NA,NA,NA,NA,NA,N
0,1050,1740023.7348376946,8.871889270559027,8.563158332050124,273.6708432046032,8.538044889753342,Y
0,1051,89465084534.3137,16.721893041112804,16.304346922814855,273.4859947775269,-7.432815482727138,Y
0,1052,NA,NA,NA,NA,NA,N
0,1053,8.10844625880301,1.1904086211355356,1.6291845708683872,287.9600248136155,-36.309660379261615,Y
0,1054,NA,NA,NA,NA,NA,N
0,1055,0.12621649026645682,2.9030477757692332,2.5440401012620733,285.9415183307549,-21.471890135305877,Y
0,1056,NA,NA,NA,NA,NA,N
0,1057,NA,NA,NA,NA,NA,N
0,1058,NA,NA,NA,NA,NA,N
0,1059,0.08094850035361202,5.203344078282129,5.628712088444873,289.50972331616293,15.912067411768932,Y
0,1060,NA,NA,NA,NA,NA,N
0,1061,NA,NA,NA,NA,NA,N
0,1062,24.856821880914985,1.6644900702220689,1.4485032934104107,275.35881417591406,10.966418977353362,Y
0,1063,8.379885799414447,3.2409563392401624,2.888866355668259,280.48776886098204,-18.010762659047735,Y
0,1064,NA,NA,NA,NA,NA,N
0,1065,NA,NA,NA,NA,NA,N
0,1066,NA,NA,NA,NA,NA,N
0,1067,NA,NA,NA,NA,NA,N
0,1068,NA,NA,NA,NA,NA,N
0,1069,2.181521981663326,0.6466878238174757,1.150818458270152,297.08320952205474,-56.129611682152316,Y
0,1070,NA,NA,NA,NA,NA,N
0,1071,1.3528108125873692,0.8361524173956726,1.3138447977083032,297.0692421230856,-20.181747255749205,Y
0,1072,NA,NA,NA,NA,NA,N
0,1073,NA,NA,NA,NA,NA,N
0,1074,NA,NA,NA,NA,NA,N
0,1075,NA,NA,NA,NA,NA,N
0,1076,NA,NA,NA,NA,NA,N
0,1077,27.017985439898464,1.265392855621902,1.3648432654012,284.71399990267406,-2.17308432301817,Y
0,1078,NA,NA,NA,NA,NA,N
0,1079,9.821985736786242,1.3075476922293585,1.4746438245487887,291.3797026388502,1.216049761579316,Y
0,1080,28.868036807927794,0.6263042483063349,0.9215340978672009,292.6241920188439,16.216965813514715,Y
0,1081,24.545010437213744,1.5366098271635467,1.6862225663636676,287.0063799859704,13.631833389847309,Y
0,1082,NA,NA,NA,NA,NA,N
0,1083,10.725549000195366,1.1165425347884959,1.310246939867659,295.210576914536,8.920689662069638,Y
0,1084,4.443489177429096,1.1296970758505298,1.2991506351307693,288.68014525777824,-27.23038532676854,Y
0,1085,NA,NA,NA,NA,NA,N
0,1086,NA,NA,NA,NA,NA,N
0,1087,NA,NA,NA,NA,NA,N
0,1088,NA,NA,NA,NA,NA,N
0,1089,NA,NA,NA,NA,NA,N
0,1090,0.949072848575621,1.1955480116847828,1.1499835888020333,293.8441566115673,-22.620540605615698,Y
0,1091,NA,NA,NA,NA,NA,N
0,1092,NA,NA,NA,NA,NA,N
0,1093,NA,NA,NA,NA,NA,N
0,1094,NA,NA,NA,NA,NA,N
0,1095,NA,NA,NA,NA,NA,N
0,1096,235.66857531740078,0.8241042803351712,1.0886336742026346,280.5311289258822,24.6588336062941,Y
0,1097,163.65541594721643,0.7192145837949104,1.1009475686212373,284.3870091070579,17.82352775515623,Y
0,1098,2.641660651366829,1.3933118473221486,1.8305764073694293,290.24433863815983,-14.91185976791494,Y
0,1099,NA,NA,NA,NA,NA,N
0,1100,NA,NA,NA,NA,NA,N
0,1101,23.85741468249206,0.9025673126422926,1.1824507303068243,283.1901912453485,-17.76240502384339,Y
0,1102,14.489705544735887,1.6432973427034034,1.8611353336757535,284.2122988692909,-12.370148920425962,Y
0,1103,8.050555154562087,1.5556278565601682,1.7868343501429296,286.7796650884562,-3.9811379111288794,Y
0,1104,NA,NA,NA,NA,NA,N
0,1105,14.644078987025383,1.2456518433637964,1.3870720285768765,286.89982723998946,-28.58030493684287,Y
0,1106,10.808745215711996,1.2072407508378882,1.2968891253702577,288.5191226275814,-8.8832627130253,Y
0,1107,NA,NA,NA,NA,NA,N
0,1108,12.166648108455982,1.1627155576255652,1.1862090468070015,289.8774139745155,6.5294818448449075,Y
0,1109,12.511397774866087,1.3322110430045386,1.1159948233925518,285.1174590422854,-16.37732385659867,Y
0,1110,39.78865174735334,1.0266974636680009,1.2608415948121559,279.9343052139315,-9.501439476551774,Y
0,1111,25.657947494422785,1.7806989142112044,1.9162055156842739,281.36541983750885,-14.92723437906001,Y
0,1112,NA,NA,NA,NA,NA,N
0,1113,55.954862322017775,1.5122232139013911,1.5618480014343092,280.5756447321189,-12.566538410741956,Y
0,1114,26.479303581389736,1.8383670685778577,1.7432160544948476,281.3665341726207,4.980274906409061,Y
0,1115,11.030072662308466,1.1508861735598952,1.2824620779259612,288.9275168877519,9.45969060491543,Y
0,1116,40.82481426067957,1.2332255698753753,1.2813668094900916,284.4500623755664,8.477353943894588,Y
0,1117,NA,NA,NA,NA,NA,N
0,1118,NA,NA,NA,NA,NA,N
0,1119,31.46276734177875,2.1432471762886065,2.3121316620184293,278.8734104428495,2.501886066960674,Y
0,1120,21.894051493454693,1.1110224581647663,1.2893227435884809,280.49284494280073,-11.823321900748752,Y
0,1121,10.489982256064348,0.9458531354232229,1.3639639858619284,284.5726264719497,-15.272180169574494,Y
0,1122,4959.726568629281,10.545092115073203,10.620377390834259,279.1399604841975,3.316942744802711,Y
0,1123,20.780147173177237,1.1812075439251457,1.260593069167386,282.4940767594203,-0.2945008612220299,Y
0,1124,23.063007976463034,1.8692393652355306,2.047421639243235,280.8367106378471,-3.687966679790506,Y
0,1125,81.63594962035243,3.370182552204915,3.3777821011302254,279.3080659047761,8.908193352725926,Y
0,1126,16.776366645918014,0.9170564951594331,1.0630657138504505,288.890742944878,5.463025925203123,Y
0,1127,15.421016458914448,1.2280714719818937,1.4596168819251096,284.21011831578204,6.936678838421021,Y
0,1128,NA,NA,NA,NA,NA,N
0,1129,NA,NA,NA,NA,NA,N
0,1130,NA,NA,NA,NA,NA,N
0,1131,NA,NA,NA,NA,NA,N
0,1132,NA,NA,NA,NA,NA,N
0,1133,NA,NA,NA,NA,NA,N
0,1134,NA,NA,NA,NA,NA,N
0,1135,NA,NA,NA,NA,NA,N
0,1136,17.38406315080134,1.2485261027726748,1.37301100426478,290.3229861262917,-0.35519523395360686,Y
0,1137,NA,NA,NA,NA,NA,N
0,1138,NA,NA,NA,NA,NA,N
0,1139,NA,NA,NA,NA,NA,N
0,1140,NA,NA,NA,NA,NA,N
0,1141,NA,NA,NA,NA,NA,N
0,1142,NA,NA,NA,NA,NA,N
0,1143,9.46891651513371,1.1929175119123616,1.3401249263755834,294.56536906175666,6.029889592799003,Y
0,1144,NA,NA,NA,NA,NA,N
0,1145,NA,NA,NA,NA,NA,N
0,1146,67.40690161955482,1.2527894299533968,1.1153315272339972,279.87448247298875,54.3104254471777,Y
0,1147,24.024118554503,0.7833859949838317,1.2110768787887873,291.8644066884984,19.447552778720667,Y
0,1148,5.352033597843917,2.4085632632436873,2.7847789139906416,285.96723708618873,-24.570563372760475,Y
0,1149,9.615671626581959,0.5795159082174147,1.228706745053927,293.76630330804824,-11.83386780253812,Y
0,1150,15.172176206900938,1.1542025856663864,1.3786051183260444,284.29977195056324,-13.876991531745048,Y
0,1151,9.787752006785869,1.2609018286678129,1.3520972448811617,284.09585253380914,-26.874484070374955,Y
0,1152,4.07470336401751,0.8237666104865801,1.3669969548268064,293.660353554552,-21.008259669496454,Y
0,1153,11.533953171823008,1.0548169572027246,1.311263043176982,285.7052889249911,-20.923870344883657,Y
0,1154,5.828633675873881,0.6704081455488083,0.9996442343315802,293.54002560092977,-14.386487997355594,Y
0,1155,NA,NA,NA,NA,NA,N
0,1156,NA,NA,NA,NA,NA,N
0,1157,NA,NA,NA,NA,NA,N
0,1158,NA,NA,NA,NA,NA,N
0,1159,13.4903149272466,1.0914797644359466,1.0996097307860704,288.0628686864052,3.1711739583140925,Y
0,1160,19.636746468632275,1.0193560242826951,1.3003174043272585,289.18653939436786,3.1753610785192397,Y
0,1161,NA,NA,NA,NA,NA,N
0,1162,20.276807821404656,1.229671903603052,1.4566363390551003,285.601032439781,-5.418853734433547,Y
0,1163,NA,NA,NA,NA,NA,N
0,1164,36.19816449103299,0.747582843690335,1.1608950281961627,284.7637800947458,-4.960968084003152,Y
0,1165,NA,NA,NA,NA,NA,N
0,1166,13.936886506204072,0.9068697902569586,1.142931103408367,287.5184969072118,-3.68521218305999,Y
0,1167,NA,NA,NA,NA,NA,N
0,1168,10.448205484358473,0.6487582976897329,1.0678071010378534,293.3025474388369,-2.4574938070319092,Y
0,1169,19.604799738534066,0.5017373836648923,0.7768443278824195,292.4307644317665,2.4180644485643485,Y
0,1170,NA,NA,NA,NA,NA,N
0,1171,NA,NA,NA,NA,NA,N
0,1172,11.149051057514836,1.096210712238608,1.353302950089095,289.4821499928198,-21.522129368200346,Y
0,1173,NA,NA,NA,NA,NA,N
0,1174,NA,NA,NA,NA,NA,N
0,1175,NA,NA,NA,NA,NA,N
0,1176,28.599129471603476,0.5867533908650711,0.8240638500286498,285.20170342447585,-23.47537494970649,Y
0,1177,NA,NA,NA,NA,NA,N
0,1178,38.12639212078823,0.9195945179809841,1.113137646454471,282.2397301697261,-7.996452698997949,Y
0,1179,20.839475098012446,0.9426378176587066,1.4169304693607143,288.6332426366426,-0.3500872737227141,Y
0,1180,NA,NA,NA,NA,NA,N
0,1181,7.501740725767825,0.9816684779367464,1.0592050625663665,290.71458369873204,-0.2627230178920765,Y
0,1182,NA,NA,NA,NA,NA,N
0,1183,NA,NA,NA,NA,NA,N
0,1184,NA,NA,NA,NA,NA,N
0,1185,7.054334623304259,0.6309945172576337,1.1824276906232147,296.80753449735363,-13.377828131216116,Y
0,1186,5.31057279038429,0.9644051074302289,1.44013453284116,296.0388332168036,-11.750799306394548,Y
0,1187,6.239567951733747,0.6713270691481031,1.2118285918146061,295.3659767457214,-6.114499996877338,Y
0,1188,8.170207104355825,0.8203400030697641,1.2740838343546437,296.4663867586939,-7.008799441602363,Y
0,1189,10.55722608554168,0.6635158365453571,0.9721310633362318,291.7384182702448,-5.038167058924866,Y
0,1190,NA,NA,NA,NA,NA,N
0,1191,NA,NA,NA,NA,NA,N
0,1192,NA,NA,NA,NA,NA,N
0,1193,NA,NA,NA,NA,NA,N
0,1194,NA,NA,NA,NA,NA,N
0,1195,NA,NA,NA,NA,NA,N
0,1196,NA,NA,NA,NA,NA,N
0,1197,NA,NA,NA,NA,NA,N
0,1198,1.9185101572466072,4.610623859886378,4.147732378417402,281.67478965903535,-44.431751490741064,Y
0,1199,1.4467595718937023,0.4592902852601653,4.0313748871973796e-05,249.1109275107998,-37.354103792468294,Y
0,1200,4.724762242629788,4.324247974284304,3.857457785728329,279.7655524644125,-44.48647292338381,Y
0,1201,4.423971541216083,3.733566709895073,3.2722710449733565,279.5253317587887,-47.159836763462444,Y
0,1202,NA,NA,NA,NA,NA,N
0,1203,NA,NA,NA,NA,NA,N
0,1204,NA,NA,NA,NA,NA,N
0,1205,NA,NA,NA,NA,NA,N
0,1206,NA,NA,NA,NA,NA,N
0,1207,NA,NA,NA,NA,NA,N
0,1208,NA,NA,NA,NA,NA,N
0,1209,NA,NA,NA,NA,NA,N
0,1210,NA,NA,NA,NA,NA,N
0,1211,NA,NA,NA,NA,NA,N
0,1212,NA,NA,NA,NA,NA,N
0,1213,NA,NA,NA,NA,NA,N
0,1214,15.189633557610042,1.00533418446028,1.4501696893910767,290.74960882975785,15.567418398669437,Y
0,1215,NA,NA,NA,NA,NA,N
0,1216,NA,NA,NA,NA,NA,N
0,1217,10.481196221064193,0.8766259617245897,1.26489368276862,293.33244399015183,4.221512879382573,Y
0,1218,NA,NA,NA,NA,NA,N
0,1219,16.560538679713726,1.2158394343033851,1.3961305453546304,284.8993216508201,-3.7735475570123995,Y
0,1220,NA,NA,NA,NA,NA,N
0,1221,22.088413757288613,1.2275450787242523,1.3034091569713964,280.02887579420076,-2.945928554072518,Y
0,1222,NA,NA,NA,NA,NA,N
0,1223,NA,NA,NA,NA,NA,N
0,1224,26.61599336114119,0.7744805408361488,0.9865600257993655,287.73566931241623,4.779194152286949,Y
0,1225,NA,NA,NA,NA,NA,N
0,1226,NA,NA,NA,NA,NA,N
0,1227,17.945361941356662,0.9209752712362872,1.138991303497341,288.1473945317905,-13.106094314234902,Y
0,1228,NA,NA,NA,NA,NA,N
0,1229,NA,NA,NA,NA,NA,N
0,1230,NA,NA,NA,NA,NA,N
0,1231,NA,NA,NA,NA,NA,N
0,1232,1.4857855558042123,4.01945111693815,4.024642651708444,286.5731205998471,-3.419551395921939,Y
0,1233,NA,NA,NA,NA,NA,N
0,1234,0.023792705043356767,8.519052920075525,7.932691342412116,286.90950174332903,9.628679184938553,Y
0,1235,NA,NA,NA,NA,NA,N
0,1236,2.2073957260918067,0.3253713369939203,-0.00025239167460841717,285.2491760114422,11.715674055434825,Y
0,1237,0.9705165117249466,0.6800043236733866,-6.399880409116948e-05,278.7179383874992,2.023533887986777,Y
0,1238,1.1645485130443678,0.4026290901979784,-0.00012593114832591928,303.21504009795825,-4.791331727410498,Y
0,1239,NA,NA,NA,NA,NA,N
0,1240,NA,NA,NA,NA,NA,N
0,1241,18.821407392271862,2.5485129395870545,2.479292844614411,277.2097065585329,-39.94461793656701,Y
0,1242,4.109524301987889,1.9159830247624938,1.9440630753280883,280.46738231311065,-39.86529303529222,Y
0,1243,41.58068476143555,4.095484218907247,4.128467518652546,278.5649855084711,-13.778799914379974,Y
0,1244,3013.6619100691764,7.0526398567134105,6.7918255468994095,276.6820438002808,13.996911761563334,Y
0,1245,14.360537630951267,6.162955795828339,5.779407618141116,278.84546716952457,-40.328811261902906,Y
0,1246,NA,NA,NA,NA,NA,N
0,1247,NA,NA,NA,NA,NA,N
0,1248,0.9450749786926588,0.3709166770649509,1.8643899675672704e-05,215.995815662477,-54.4366018863576,Y
0,1249,NA,NA,NA,NA,NA,N
0,1250,NA,NA,NA,NA,NA,N
0,1251,3.371732525736323,0.5248329725153282,1.0234824378283098,297.15801756690774,-32.34539279958341,Y
0,1252,NA,NA,NA,NA,NA,N
0,1253,NA,NA,NA,NA,NA,N
0,1254,NA,NA,NA,NA,NA,N
0,1255,NA,NA,NA,NA,NA,N
0,1256,NA,NA,NA,NA,NA,N
0,1257,NA,NA,NA,NA,NA,N
0,1258,NA,NA,NA,NA,NA,N
0,1259,NA,NA,NA,NA,NA,N
0,1260,NA,NA,NA,NA,NA,N
0,1261,NA,NA,NA,NA,NA,N
0,1262,NA,NA,NA,NA,NA,N
0,1263,NA,NA,NA,NA,NA,N
0,1264,NA,NA,NA,NA,NA,N
0,1265,2.1553615886086916,0.8076844068910106,1.1465027660706657,292.8786821087392,-32.374038651707366,Y
0,1266,2.131682307811009,0.725368579756086,1.3933822255523591,293.81401812196043,-27.29066323844919,Y
0,1267,NA,NA,NA,NA,NA,N
0,1268,NA,NA,NA,NA,NA,N
0,1269,NA,NA,NA,NA,NA,N
0,1270,NA,NA,NA,NA,NA,N
0,1271,NA,NA,NA,NA,NA,N
0,1272,NA,NA,NA,NA,NA,N
0,1273,NA,NA,NA,NA,NA,N
0,1274,NA,NA,NA,NA,NA,N
0,1275,NA,NA,NA,NA,NA,N
0,1276,NA,NA,NA,NA,NA,N
0,1277,NA,NA,NA,NA,NA,N
0,1278,NA,NA,NA,NA,NA,N
0,1279,NA,NA,NA,NA,NA,N
0,1280,NA,NA,NA,NA,NA,N
0,1281,0.8383137536778885,2.9125686443596788,2.617558906077392,282.6625920172847,-42.555335645219216,Y
0,1282,NA,NA,NA,NA,NA,N
0,1283,NA,NA,NA,NA,NA,N
0,1284,1.1447331363279508e-05,18.546866158931966,18.22225494059426,287.34639800572404,-41.18173770213069,Y
0,1285,0.00039729473695307275,15.884578020363776,15.511881713041928,286.63464435253536,-29.780574848761738,Y
0,1286,NA,NA,NA,NA,NA,N
0,1287,3.393699745488931,0.5398355598471919,1.021408461511587,296.62056455314274,-32.062622620015645,Y
0,1288,NA,NA,NA,NA,NA,N
0,1289,NA,NA,NA,NA,NA,N
0,1290,NA,NA,NA,NA,NA,N
0,1291,NA,NA,NA,NA,NA,N
0,1292,NA,NA,NA,NA,NA,N
0,1293,NA,NA,NA,NA,NA,N
0,1294,NA,NA,NA,NA,NA,N
0,1295,NA,NA,NA,NA,NA,N
0,1296,NA,NA,NA,NA,NA,N
0,1297,NA,NA,NA,NA,NA,N
0,1298,NA,NA,NA,NA,NA,N
0,1299,NA,NA,NA,NA,NA,N
0,1300,NA,NA,NA,NA,NA,N
0,1301,NA,NA,NA,NA,NA,N
0,1302,17.101272471427297,0.632844108353456,-0.00033110043426511386,269.31124497659613,27.337786949455108,Y
0,1303,835354.1652286502,14.682377714609856,14.363516847102105,277.13636790927404,-11.346182635016138,Y
0,1304,16.178542038535017,2.2308721844355555,1.859129876148046,274.2020219463301,-24.436590839950654,Y
0,1305,NA,NA,NA,NA,NA,N
0,1306,NA,NA,NA,NA,NA,N
0,1307,NA,NA,NA,NA,NA,N
0,1308,NA,NA,NA,NA,NA,N
0,1309,NA,NA,NA,NA,NA,N
0,1310,NA,NA,NA,NA,NA,N
0,1311,76.1005808427305,0.1393016018099748,0.00030829342036109127,259.4656628755447,20.42931314131909,Y
0,1312,NA,NA,NA,NA,NA,N
0,1313,NA,NA,NA,NA,NA,N
0,1314,NA,NA,NA,NA,NA,N
0,1315,NA,NA,NA,NA,NA,N
0,1316,NA,NA,NA,NA,NA,N
0,1317,9.218512982415678,1.088817881397168,1.2965134051755705,289.49143707438077,-43.46696888220066,Y
0,1318,24.352633446274304,1.6646061315485032,1.7357691422355508,281.94038766192506,-8.14552742209693,Y
0,1319,7.962463431798273,2.5161839589357253,2.43801288835504,283.9177950160417,-6.212772883823089,Y
0,1320,11.18767252038975,1.302954930946949,1.390655414111491,284.52800858318557,-23.68949606545535,Y
0,1321,NA,NA,NA,NA,NA,N
0,1322,NA,NA,NA,NA,NA,N
0,1323,16.88322189258408,12.073851245755378,11.63053568353759,282.75839349705376,-10.826313813839167,Y
0,1324,2.476100039841303e-37,87.61595448301,86.87428249533819,289.8971368094046,-34.24711996382812,Y
0,1325,0.0603354310580096,3.3179937276959186,2.6665080221079958,288.0805403739756,-46.1034431930347,Y
0,1326,NA,NA,NA,NA,NA,N
0,1327,NA,NA,NA,NA,NA,N
0,1328,NA,NA,NA,NA,NA,N
0,1329,NA,NA,NA,NA,NA,N
0,1330,NA,NA,NA,NA,NA,N
0,1331,NA,NA,NA,NA,NA,N
0,1332,NA,NA,NA,NA,NA,N
0,1333,NA,NA,NA,NA,NA,N
0,1334,NA,NA,NA,NA,NA,N
0,1335,NA,NA,NA,NA,NA,N
0,1336,NA,NA,NA,NA,NA,N
0,1337,NA,NA,NA,NA,NA,N
0,1338,NA,NA,NA,NA,NA,N
0,1339,6143769.755582158,14.167751809510573,13.591850165440677,277.29556141962695,52.70812124405234,Y
0,1340,NA,NA,NA,NA,NA,N
0,1341,206.82038719726432,2.21046633057473,2.8004054459685714,286.26570104012666,46.15405312604424,Y
0,1342,NA,NA,NA,NA,NA,N
0,1343,864.940841910733,3.871035647352004,3.708771839692157,282.6656539892828,40.668277134293135,Y
0,1344,990.4445106337515,3.7323715177849417,3.554613321715969,282.7227734669316,48.51247836116646,Y
0,1345,NA,NA,NA,NA,NA,N
0,1346,NA,NA,NA,NA,NA,N
0,1347,NA,NA,NA,NA,NA,N
0,1348,NA,NA,NA,NA,NA,N
0,1349,NA,NA,NA,NA,NA,N
0,1350,NA,NA,NA,NA,NA,N
0,1351,NA,NA,NA,NA,NA,N
0,1352,NA,NA,NA,NA,NA,N
0,1353,NA,NA,NA,NA,NA,N
0,1354,NA,NA,NA,NA,NA,N
0,1355,NA,NA,NA,NA,NA,N
0,1356,NA,NA,NA,NA,NA,N
0,1357,NA,NA,NA,NA,NA,N
0,1358,5.7465181397640945,4.413912922866386,4.271529691943261,281.2724834712884,-21.362237600698357,Y
0,1359,NA,NA,NA,NA,NA,N
0,1360,33.680360233329296,1.0667751125494265,0.9525733040879626,285.7030432645647,-4.743709842971896,Y
0,1361,NA,NA,NA,NA,NA,N
0,1362,1.2889469309320536,0.8963487305872743,1.3262471733675079,288.2519760988343,-41.05537668693486,Y
0,1363,1.2803290249075159,0.8981433218875209,1.2298591043261835,287.9237763248634,-40.73585036994452,Y
0,1364,NA,NA,NA,NA,NA,N
0,1365,NA,NA,NA,NA,NA,N
0,1366,1.0302686038045012,1.4068957296006621,1.5701395057177676,283.6143873874233,-44.17767737621096,Y
0,1367,NA,NA,NA,NA,NA,N
0,1368,1.1141701124253443,0.5474092883752473,0.9870332049775014,292.47033347824,-51.656845326625884,Y
0,1369,1.1950404600191258,1.0624840981891137,1.2776133766713904,285.72764736150503,-46.941901248681475,Y
0,1370,NA,NA,NA,NA,NA,N
0,1371,NA,NA,NA,NA,NA,N
0,1372,0.28400926784762726,1.0718511562778354,1.91916766680893,291.9134795781382,-43.87166582263986,Y
0,1373,NA,NA,NA,NA,NA,N
0,1374,NA,NA,NA,NA,NA,N
0,1375,NA,NA,NA,NA,NA,N
0,1376,NA,NA,NA,NA,NA,N
0,1377,NA,NA,NA,NA,NA,N
0,1378,0.500455661179201,1.3599106305953592,1.8832164785200816,290.2098724204651,-35.494090938336264,Y
0,1379,NA,NA,NA,NA,NA,N
0,1380,NA,NA,NA,NA,NA,N
0,1381,0.7377281707613136,1.686742633422115,1.9323054004584417,285.79349486067565,-32.81678532857782,Y
0,1382,NA,NA,NA,NA,NA,N
0,1383,NA,NA,NA,NA,NA,N
0,1384,NA,NA,NA,NA,NA,N
0,1385,NA,NA,NA,NA,NA,N
0,1386,NA,NA,NA,NA,NA,N
0,1387,NA,NA,NA,NA,NA,N
0,1388,NA,NA,NA,NA,NA,N
0,1389,0.951404348993619,0.7557021052896412,1.4763393897972632,293.5308442157028,-34.49270344389953,Y
0,1390,NA,NA,NA,NA,NA,N
0,1391,NA,NA,NA,NA,NA,N
0,1392,NA,NA,NA,NA,NA,N
0,1393,1.4684963864034066,2.746499762689677,2.905628102596795,282.6410149683487,-28.525888621183483,Y
0,1394,1.2528870997347203,0.8468951780549957,1.0103915061150348,296.03796833001456,-9.310066918195979,Y
0,1395,NA,NA,NA,NA,NA,N
0,1396,23.815580486657414,1.1326431801264099,0.9203449936532079,281.0475897577157,-54.58018459354634,Y
0,1397,NA,NA,NA,NA,NA,N
0,1398,NA,NA,NA,NA,NA,N
0,1399,NA,NA,NA,NA,NA,N
0,1400,NA,NA,NA,NA,NA,N
0,1401,NA,NA,NA,NA,NA,N
0,1402,NA,NA,NA,NA,NA,N
0,1403,NA,NA,NA,NA,NA,N
0,1404,0.2107353422329958,3.108336052143759,2.7588590995387414,285.97218489600283,-5.574033379355631,Y
0,1405,NA,NA,NA,NA,NA,N
0,1406,0.4398218845832585,12.552428137792832,12.315622195167867,283.5247544219126,-13.096611582555216,Y
0,1407,7.097460431680204,0.592373809748775,0.0008050019973362874,11.132034847362979,-7.663306784256285,Y
0,1408,NA,NA,NA,NA,NA,N
0,1409,9.605566553405401,2.4083665117294424,1.67345104556455,278.0972157836233,-9.181229285827204,Y
0,1410,NA,NA,NA,NA,NA,N
0,1411,NA,NA,NA,NA,NA,N
0,1412,NA,NA,NA,NA,NA,N
0,1413,37.17404122157871,1.8124070627058768,1.1384702947467038,268.3091462609283,-4.58303811600207,Y
0,1414,NA,NA,NA,NA,NA,N
0,1415,NA,NA,NA,NA,NA,N
0,1416,NA,NA,NA,NA,NA,N
0,1417,NA,NA,NA,NA,NA,N
0,1418,NA,NA,NA,NA,NA,N
0,1419,NA,NA,NA,NA,NA,N
0,1420,NA,NA,NA,NA,NA,N
0,1421,736084.6823372834,17.768055826721298,16.932779525617253,278.02372602110813,-1.5713684034884636,Y
0,1422,NA,NA,NA,NA,NA,N
0,1423,NA,NA,NA,NA,NA,N
0,1424,13.551021533629587,1.143028658637039,0.714274506299273,273.5413449426566,-9.196992242299451,Y
0,1425,NA,NA,NA,NA,NA,N
0,1426,NA,NA,NA,NA,NA,N
0,1427,NA,NA,NA,NA,NA,N
0,1428,NA,NA,NA,NA,NA,N
0,1429,NA,NA,NA,NA,NA,N
0,1430,NA,NA,NA,NA,NA,N
0,1431,NA,NA,NA,NA,NA,N
0,1432,NA,NA,NA,NA,NA,N
0,1433,NA,NA,NA,NA,NA,N
0,1434,NA,NA,NA,NA,NA,N
0,1435,NA,NA,NA,NA,NA,N
0,1436,NA,NA,NA,NA,NA,N
0,1437,489844.5697456324,17.10462656794898,16.221254364395485,277.93669329426376,-3.979994226036286,Y
0,1438,NA,NA,NA,NA,NA,N
0,1439,122.6785613927633,0.7428547276937297,0.9768121075524968,281.4064790190099,7.899922363562336,Y
0,1440,727977.1918202313,13.431343713133181,13.589749667426787,277.81287925599844,-10.567248660742578,Y
0,1441,NA,NA,NA,NA,NA,N
0,1442,NA,NA,NA,NA,NA,N
0,1443,6.990007491695802,1.5171325602060135,1.7624528347768063,280.0971960920314,-64.52298561388139,Y
0,1444,NA,NA,NA,NA,NA,N
0,1445,9.328199766737745,1.2408567830145156,1.4142243507086372,279.6019234458231,-55.33330308171313,Y
0,1446,3.0199613251690045,0.9841575515969407,1.1782361436674382,287.1696110458949,-75.73577974836118,Y
0,1447,NA,NA,NA,NA,NA,N
0,1448,1.8568869796019014,1.6276131571095402,1.7836008620539607,284.86330588079943,-40.33246098799955,Y
0,1449,NA,NA,NA,NA,NA,N
0,1450,3.667108011182918,1.1602815690640997,1.4394477423368823,285.5313998294867,-37.27913864753227,Y
0,1451,NA,NA,NA,NA,NA,N
0,1452,NA,NA,NA,NA,NA,N
0,1453,NA,NA,NA,NA,NA,N
0,1454,NA,NA,NA,NA,NA,N
0,1455,2.260906907316335,0.09048327680956975,5.468026447212257e-05,419.25962820880574,-56.05282888751532,Y
0,1456,1.9877974215349166,0.10416672609225786,0.00014596266754159874,518.727850192313,-50.83140917661977,Y
0,1457,NA,NA,NA,NA,NA,N
0,1458,NA,NA,NA,NA,NA,N
0,1459,11.54625600893682,2.3406595007390565,1.9445891257142482,278.85102261180987,-33.30526489549269,Y
0,1460,NA,NA,NA,NA,NA,N
0,1461,NA,NA,NA,NA,NA,N
0,1462,4.869982557187809,1.2649882204731906,1.0103336000673926,283.74373863436836,-52.91480391081301,Y
0,1463,NA,NA,NA,NA,NA,N
0,1464,NA,NA,NA,NA,NA,N
0,1465,NA,NA,NA,NA,NA,N
0,1466,NA,NA,NA,NA,NA,N
0,1467,NA,NA,NA,NA,NA,N
0,1468,NA,NA,NA,NA,NA,N
0,1469,4.562757178505111,0.84965253152347,1.5694513331892963,299.02708339125684,66.11005987956591,Y
0,1470,NA,NA,NA,NA,NA,N
0,1471,NA,NA,NA,NA,NA,N
0,1472,NA,NA,NA,NA,NA,N
0,1473,NA,NA,NA,NA,NA,N
0,1474,NA,NA,NA,NA,NA,N
0,1475,NA,NA,NA,NA,NA,N
0,1476,NA,NA,NA,NA,NA,N
0,1477,0.0014060074853684186,9.231909946155135,9.293179599153788,290.4658474043128,91.5056201289325,Y
0,1478,NA,NA,NA,NA,NA,N
0,1479,NA,NA,NA,NA,NA,N
0,1480,NA,NA,NA,NA,NA,N
0,1481,NA,NA,NA,NA,NA,N
0,1482,NA,NA,NA,NA,NA,N
0,1483,NA,NA,NA,NA,NA,N
0,1484,NA,NA,NA,NA,NA,N
0,1485,NA,NA,NA,NA,NA,N
0,1486,4.665392639740674,0.44560924654758477,0.8334244994028562,293.8337147472339,-44.940758510499116,Y
0,1487,NA,NA,NA,NA,NA,N
0,1488,NA,NA,NA,NA,NA,N
0,1489,NA,NA,NA,NA,NA,N
0,1490,NA,NA,NA,NA,NA,N
0,1491,0.7462907019338513,0.3630166266740207,-3.109507402287583e-05,316.0205986277435,-32.080661196199294,Y
0,1492,NA,NA,NA,NA,NA,N
0,1493,NA,NA,NA,NA,NA,N
0,1494,NA,NA,NA,NA,NA,N
0,1495,NA,NA,NA,NA,NA,N
0,1496,NA,NA,NA,NA,NA,N
0,1497,NA,NA,NA,NA,NA,N
0,1498,NA,NA,NA,NA,NA,N
0,1499,NA,NA,NA,NA,NA,N
0,1500,NA,NA,NA,NA,NA,N
0,1501,NA,NA,NA,NA,NA,N
0,1502,NA,NA,NA,NA,NA,N
0,1503,NA,NA,NA,NA,NA,N
0,1504,NA,NA,NA,NA,NA,N
0,1505,NA,NA,NA,NA,NA,N
0,1506,NA,NA,NA,NA,NA,N
0,1507,NA,NA,NA,NA,NA,N
0,1508,NA,NA,NA,NA,NA,N
0,1509,NA,NA,NA,NA,NA,N
0,1510,NA,NA,NA,NA,NA,N
0,1511,NA,NA,NA,NA,NA,N
0,1512,NA,NA,NA,NA,NA,N
0,1513,NA,NA,NA,NA,NA,N
0,1514,NA,NA,NA,NA,NA,N
0,1515,NA,NA,NA,NA,NA,N
0,1516,NA,NA,NA,NA,NA,N
0,1517,NA,NA,NA,NA,NA,N
0,1518,5.695344236671918,0.5714099080867943,2.9811512418338406,499.16583928259763,26.57857133236399,Y
0,1519,NA,NA,NA,NA,NA,N
0,1520,NA,NA,NA,NA,NA,N
0,1521,NA,NA,NA,NA,NA,N
0,1522,NA,NA,NA,NA,NA,N
0,1523,NA,NA,NA,NA,NA,N
0,1524,NA,NA,NA,NA,NA,N
0,1525,NA,NA,NA,NA,NA,N
0,1526,NA,NA,NA,NA,NA,N
0,1527,NA,NA,NA,NA,NA,N
0,1528,1.785652366677498,0.34603874725784756,4.489621260262134e-05,300.16087794262586,-11.82291340848483,Y
0,1529,NA,NA,NA,NA,NA,N
0,1530,NA,NA,NA,NA,NA,N
0,1531,NA,NA,NA,NA,NA,N
0,1532,0.6988352524532853,0.34923801298617446,-2.9552664319418327e-05,301.2526959131343,-28.769038094961516,Y
0,1533,1.813875482942778e-05,5.9321976083029915,5.245714214145667,294.58222600830675,-19.89622196890727,Y
0,1534,NA,NA,NA,NA,NA,N
0,1535,390.64696591416913,13.288191454301867,12.806155267500491,279.7483211118639,-1.356386476817594,Y
0,1536,6.702049999648801e-07,22.985380024725355,22.267348379004748,287.5477993487932,-36.24620563984251,Y
0,1537,0.013786309762139785,4.870854425982431,4.23440261071382,288.7984693856676,-14.950367897518845,Y
0,1538,NA,NA,NA,NA,NA,N
0,1539,0.30467429946204244,1.3685255547540245,1.2824871447599688,298.6072392523963,14.215258589352175,Y
0,1540,NA,NA,NA,NA,NA,N
0,1541,NA,NA,NA,NA,NA,N
0,1542,NA,NA,NA,NA,NA,N
0,1543,0.9225432038422559,0.54781982542796,-0.6688609576854034,148.56003808852046,-9.324615790647076,Y
0,1544,NA,NA,NA,NA,NA,N
0,1545,NA,NA,NA,NA,NA,N
0,1546,NA,NA,NA,NA,NA,N
0,1547,NA,NA,NA,NA,NA,N
0,1548,NA,NA,NA,NA,NA,N
0,1549,NA,NA,NA,NA,NA,N
0,1550,NA,NA,NA,NA,NA,N
0,1551,NA,NA,NA,NA,NA,N
0,1552,NA,NA,NA,NA,NA,N
0,1553,NA,NA,NA,NA,NA,N
0,1554,NA,NA,NA,NA,NA,N
0,1555,NA,NA,NA,NA,NA,N
0,1556,NA,NA,NA,NA,NA,N
0,1557,NA,NA,NA,NA,NA,N
0,1558,NA,NA,NA,NA,NA,N
0,1559,NA,NA,NA,NA,NA,N
0,1560,NA,NA,NA,NA,NA,N
0,1561,38.74494355607133,2.992487323308976,3.5368810693116557,284.73513400779007,10.136902517906636,Y
0,1562,NA,NA,NA,NA,NA,N
0,1563,NA,NA,NA,NA,NA,N
0,1564,NA,NA,NA,NA,NA,N
0,1565,NA,NA,NA,NA,NA,N
0,1566,NA,NA,NA,NA,NA,N
0,1567,NA,NA,NA,NA,NA,N
0,1568,NA,NA,NA,NA,NA,N
0,1569,NA,NA,NA,NA,NA,N
0,1570,NA,NA,NA,NA,NA,N
0,1571,NA,NA,NA,NA,NA,N
0,1572,NA,NA,NA,NA,NA,N
0,1573,NA,NA,NA,NA,NA,N
0,1574,NA,NA,NA,NA,NA,N
0,1575,NA,NA,NA,NA,NA,N
0,1576,NA,NA,NA,NA,NA,N
0,1577,1.0780949040547834,2.313766350865916,2.3391028924501427,272.8287502214722,-283.7797343364347,Y
0,1578,NA,NA,NA,NA,NA,N
0,1579,NA,NA,NA,NA,NA,N
0,1580,NA,NA,NA,NA,NA,N
0,1581,NA,NA,NA,NA,NA,N
0,1582,NA,NA,NA,NA,NA,N
0,1583,NA,NA,NA,NA,NA,N
0,1584,NA,NA,NA,NA,NA,N
0,1585,NA,NA,NA,NA,NA,N
0,1586,1.9724447193613353,2.1710934251588,1.8598405018101127,277.73333002318486,-92.77847691754965,Y
0,1587,NA,NA,NA,NA,NA,N
0,1588,NA,NA,NA,NA,NA,N
0,1589,NA,NA,NA,NA,NA,N
0,1590,NA,NA,NA,NA,NA,N
0,1591,NA,NA,NA,NA,NA,N
0,1592,NA,NA,NA,NA,NA,N
0,1593,NA,NA,NA,NA,NA,N
0,1594,NA,NA,NA,NA,NA,N
0,1595,901.4904172160584,-0.21392945791536944,-9.777642101779462e-05,362.8985833961323,52.22292188367334,Y
0,1596,1021.1628536068755,2.0462087616230185,2.445827860516127,284.63941528346794,44.37434887100229,Y
0,1597,NA,NA,NA,NA,NA,N
0,1598,NA,NA,NA,NA,NA,N
0,1599,NA,NA,NA,NA,NA,N
0,1600,NA,NA,NA,NA,NA,N
0,1601,NA,NA,NA,NA,NA,N
0,1602,NA,NA,NA,NA,NA,N
0,1603,585.2686707136855,1.7991759881957143,2.3628525719338405,291.8218531439777,70.75236340233239,Y
0,1604,102.80820350056625,-0.323015934948473,3.823586297035364e-05,154.57914034998637,29.547770156972977,Y
0,1605,NA,NA,NA,NA,NA,N
0,1606,60111191332.149826,18.76280007280382,18.610047981109826,273.55093181853204,-99.86499194137234,Y
0,1607,111.58523937894421,-0.34058656043872504,-0.0002348325149947451,119.08398175445572,30.91898696104972,Y
0,1608,186.8914373632713,2.1892020261627962,2.592756498815375,284.87372959603516,28.066272810102035,Y
0,1609,NA,NA,NA,NA,NA,N
0,1610,NA,NA,NA,NA,NA,N
0,1611,NA,NA,NA,NA,NA,N
0,1612,NA,NA,NA,NA,NA,N
0,1613,NA,NA,NA,NA,NA,N
0,1614,NA,NA,NA,NA,NA,N
0,1615,NA,NA,NA,NA,NA,N
0,1616,NA,NA,NA,NA,NA,N
0,1617,NA,NA,NA,NA,NA,N
0,1618,NA,NA,NA,NA,NA,N
0,1619,NA,NA,NA,NA,NA,N
0,1620,NA,NA,NA,NA,NA,N
0,1621,NA,NA,NA,NA,NA,N
0,1622,NA,NA,NA,NA,NA,N
0,1623,NA,NA,NA,NA,NA,N
0,1624,NA,NA,NA,NA,NA,N
0,1625,NA,NA,NA,NA,NA,N
0,1626,12.913140308827431,1.9317080570055414,2.535766331034878,290.2302381366861,-1.0229354643925994,Y
0,1627,1523.6275962190941,2.0158674700115102,2.548565291347604,287.5073755138626,43.36499917216766,Y
0,1628,NA,NA,NA,NA,NA,N
0,1629,39.29455170963273,1.597491463288601,1.9394207639593952,284.31838451205033,18.977085516167538,Y
0,1630,NA,NA,NA,NA,NA,N
0,1631,NA,NA,NA,NA,NA,N
0,1632,NA,NA,NA,NA,NA,N
0,1633,NA,NA,NA,NA,NA,N
0,1634,1161.5195411566644,-0.29500146142142986,0.00040817283698592387,479.60137647966434,42.005722993598035,Y
0,1635,NA,NA,NA,NA,NA,N
0,1636,NA,NA,NA,NA,NA,N
0,1637,NA,NA,NA,NA,NA,N
0,1638,NA,NA,NA,NA,NA,N
0,1639,NA,NA,NA,NA,NA,N
0,1640,NA,NA,NA,NA,NA,N
0,1641,NA,NA,NA,NA,NA,N
0,1642,NA,NA,NA,NA,NA,N
0,1643,NA,NA,NA,NA,NA,N
0,1644,NA,NA,NA,NA,NA,N
0,1645,NA,NA,NA,NA,NA,N
0,1646,41.86244152219981,2.189029933434288,2.5333656938511186,283.0047050966051,5.001588769561774,Y
0,1647,NA,NA,NA,NA,NA,N
0,1648,NA,NA,NA,NA,NA,N
0,1649,91.49531175558555,-0.5028346002635784,-0.0015629728113398062,5.730272127250811,20.492389525235772,Y
0,1650,NA,NA,NA,NA,NA,N
0,1651,NA,NA,NA,NA,NA,N
0,1652,NA,NA,NA,NA,NA,N
0,1653,NA,NA,NA,NA,NA,N
0,1654,89.58650368880384,1.9351204692244357,2.281984390406266,284.6036731637944,17.388100921728626,Y
0,1655,NA,NA,NA,NA,NA,N
0,1656,NA,NA,NA,NA,NA,N
0,1657,NA,NA,NA,NA,NA,N
0,1658,NA,NA,NA,NA,NA,N
0,1659,NA,NA,NA,NA,NA,N
0,1660,NA,NA,NA,NA,NA,N
0,1661,NA,NA,NA,NA,NA,N
0,1662,NA,NA,NA,NA,NA,N
0,1663,1.8966915436861653,4.472173897822174,4.358048667114004,278.67624182970627,-105.69443611082326,Y
0,1664,NA,NA,NA,NA,NA,N
0,1665,NA,NA,NA,NA,NA,N
0,1666,NA,NA,NA,NA,NA,N
0,1667,NA,NA,NA,NA,NA,N
0,1668,NA,NA,NA,NA,NA,N
0,1669,NA,NA,NA,NA,NA,N
0,1670,NA,NA,NA,NA,NA,N
0,1671,NA,NA,NA,NA,NA,N
0,1672,NA,NA,NA,NA,NA,N
0,1673,NA,NA,NA,NA,NA,N
0,1674,NA,NA,NA,NA,NA,N
0,1675,NA,NA,NA,NA,NA,N
0,1676,NA,NA,NA,NA,NA,N
0,1677,NA,NA,NA,NA,NA,N
0,1678,NA,NA,NA,NA,NA,N
0,1679,NA,NA,NA,NA,NA,N
0,1680,NA,NA,NA,NA,NA,N
0,1681,NA,NA,NA,NA,NA,N
0,1682,NA,NA,NA,NA,NA,N
0,1683,NA,NA,NA,NA,NA,N
0,1684,16.768376371046273,-0.21080527800418766,6.145981637023946e-05,298.89355340708056,16.600042517059336,Y
0,1685,NA,NA,NA,NA,NA,N
0,1686,NA,NA,NA,NA,NA,N
0,1687,NA,NA,NA,NA,NA,N
0,1688,NA,NA,NA,NA,NA,N
0,1689,NA,NA,NA,NA,NA,N
0,1690,NA,NA,NA,NA,NA,N
0,1691,NA,NA,NA,NA,NA,N
0,1692,NA,NA,NA,NA,NA,N
0,1693,NA,NA,NA,NA,NA,N
0,1694,NA,NA,NA,NA,NA,N
0,1695,NA,NA,NA,NA,NA,N
0,1696,NA,NA,NA,NA,NA,N
0,1697,NA,NA,NA,NA,NA,N
0,1698,173.03739168480362,-0.23508743818145714,7.487611872266032e-05,401.409950708885,23.68824883612477,Y
0,1699,NA,NA,NA,NA,NA,N
0,1700,NA,NA,NA,NA,NA,N
0,1701,129.05654846091096,-0.2529409413933138,-0.00012773582538983203,168.35084662670144,41.63453977113019,Y
0,1702,105.92657771782336,-0.20293076725721643,-0.00042583228098855904,324.18262128929405,36.09762839913003,Y
0,1703,NA,NA,NA,NA,NA,N
0,1704,NA,NA,NA,NA,NA,N
0,1705,NA,NA,NA,NA,NA,N
0,1706,NA,NA,NA,NA,NA,N
0,1707,NA,NA,NA,NA,NA,N
0,1708,NA,NA,NA,NA,NA,N
0,1709,407.1195848875059,5.568986800393308,5.512302448067412,277.15088108556563,-17.916973828588297,Y
0,1710,6.977337663188163,0.5550940536965958,0.7720610850979284,284.4526726352882,-49.35999582031441,Y
0,1711,7.802215719229561,0.004158631664186634,-0.0003046469499775351,581.6735945100561,-31.395123870092554,Y
0,1712,NA,NA,NA,NA,NA,N
0,1713,NA,NA,NA,NA,NA,N
0,1714,NA,NA,NA,NA,NA,N
0,1715,NA,NA,NA,NA,NA,N
0,1716,NA,NA,NA,NA,NA,N
0,1717,NA,NA,NA,NA,NA,N
0,1718,NA,NA,NA,NA,NA,N
0,1719,14.983671093614067,0.16696352996870992,-0.0002914673314302563,417.22857547441856,115.84715461326655,Y
0,1720,NA,NA,NA,NA,NA,N
0,1721,5.512997954567285,-0.19021082247780877,-0.00011373257292084728,332.84495515570177,9.17005073993523,Y
0,1722,262.7784019373988,-0.23270707702586507,0.00018544896761160367,300.2270109910128,53.0417589349515,Y
0,1723,0.05286013208085367,1.9998006669619768,1.8450742425545454,283.6663608412085,-60.3886011484373,Y
0,1724,NA,NA,NA,NA,NA,N
0,1725,NA,NA,NA,NA,NA,N
0,1726,NA,NA,NA,NA,NA,N
0,1727,NA,NA,NA,NA,NA,N
0,1728,NA,NA,NA,NA,NA,N
0,1729,NA,NA,NA,NA,NA,N
0,1730,NA,NA,NA,NA,NA,N
0,1731,NA,NA,NA,NA,NA,N
0,1732,NA,NA,NA,NA,NA,N
0,1733,NA,NA,NA,NA,NA,N
0,1734,NA,NA,NA,NA,NA,N
0,1735,91.38245938948602,2.541699442400391,3.0181490668978945,284.65360428156674,20.34571720308277,Y
0,1736,17.123528474828337,1.9757878872105548,2.564739713720381,291.9908900279211,11.065474095739358,Y
0,1737,NA,NA,NA,NA,NA,N
0,1738,NA,NA,NA,NA,NA,N
0,1739,NA,NA,NA,NA,NA,N
0,1740,NA,NA,NA,NA,NA,N
0,1741,NA,NA,NA,NA,NA,N
0,1742,NA,NA,NA,NA,NA,N
0,1743,NA,NA,NA,NA,NA,N
0,1744,NA,NA,NA,NA,NA,N
0,1745,NA,NA,NA,NA,NA,N
0,1746,NA,NA,NA,NA,NA,N
0,1747,NA,NA,NA,NA,NA,N
0,1748,NA,NA,NA,NA,NA,N
0,1749,NA,NA,NA,NA,NA,N
0,1750,NA,NA,NA,NA,NA,N
0,1751,NA,NA,NA,NA,NA,N
0,1752,NA,NA,NA,NA,NA,N
0,1753,NA,NA,NA,NA,NA,N
0,1754,NA,NA,NA,NA,NA,N
0,1755,NA,NA,NA,NA,NA,N
0,1756,15.305263689477691,2.3655473081468292,2.9395771828403348,287.1433024888922,6.95294293675095,Y
0,1757,NA,NA,NA,NA,NA,N
0,1758,NA,NA,NA,NA,NA,N
0,1759,NA,NA,NA,NA,NA,N
0,1760,NA,NA,NA,NA,NA,N
0,1761,0.012598384888906392,-0.18767136175761043,23.687398393978484,287.7757646861518,-77.24607966925038,Y
0,1762,NA,NA,NA,NA,NA,N
0,1763,NA,NA,NA,NA,NA,N
0,1764,NA,NA,NA,NA,NA,N
0,1765,3375.2859316793956,6.169509276016365,7.175316064780434,280.41129638831904,42.117066560962726,Y
0,1766,NA,NA,NA,NA,NA,N
0,1767,NA,NA,NA,NA,NA,N
0,1768,NA,NA,NA,NA,NA,N
0,1769,48.56006689956886,-0.4633017610471835,4.7007711608724535e-05,294.38130047148053,19.23144645417758,Y
0,1770,NA,NA,NA,NA,NA,N
0,1771,NA,NA,NA,NA,NA,N
0,1772,64.99116868687517,-1.1240518715432064,-0.0001100286119480673,190.75031963439918,32.70656590997871,Y
0,1773,NA,NA,NA,NA,NA,N
0,1774,NA,NA,NA,NA,NA,N
0,1775,NA,NA,NA,NA,NA,N
0,1776,11.582165618309071,-0.4741611176978065,-2.0569138322757743,124.98628090866306,24.5751809434408,Y
0,1777,29.800990177132512,-0.5778905920550009,-7.167035938292242e-05,244.3402901820239,32.84943859856185,Y
0,1778,NA,NA,NA,NA,NA,N
0,1779,NA,NA,NA,NA,NA,N
0,1780,NA,NA,NA,NA,NA,N
0,1781,NA,NA,NA,NA,NA,N
0,1782,NA,NA,NA,NA,NA,N
0,1783,57.83795933068203,-0.5225921174200129,-0.0003315954409268899,274.71238232416636,32.152849584040865,Y
0,1784,NA,NA,NA,NA,NA,N
0,1785,37.26584512587342,-0.9279816533102254,8.626621033387306e-05,226.4004918216703,15.725700886405631,Y
0,1786,11.427483054133203,-0.7489242910718983,-2.9231890592530387,141.64193933323585,26.582161644002266,Y
0,1787,NA,NA,NA,NA,NA,N
0,1788,71.16459155214349,-0.7442115013580071,-1.3563936815862547e-05,242.58372181492754,16.24008943497732,Y
0,1789,41.11858017420812,-0.7093605347046866,5.503204996719672e-06,251.87715262669417,31.24876211893276,Y
0,1790,71.54601895798011,-0.7938114186527451,5.6689699843187266e-05,238.92825606875226,18.574069781896036,Y
0,1791,NA,NA,NA,NA,NA,N
0,1792,NA,NA,NA,NA,NA,N
0,1793,NA,NA,NA,NA,NA,N
0,1794,NA,NA,NA,NA,NA,N
0,1795,NA,NA,NA,NA,NA,N
0,1796,NA,NA,NA,NA,NA,N
0,1797,68.62727900926166,-0.34438967126843384,-0.00012136404316335971,298.78681437569355,36.35898296557703,Y
0,1798,NA,NA,NA,NA,NA,N
0,1799,NA,NA,NA,NA,NA,N
0,1800,NA,NA,NA,NA,NA,N
0,1801,NA,NA,NA,NA,NA,N
0,1802,NA,NA,NA,NA,NA,N
0,1803,16.44682345219762,-0.6010248478424164,6.162920146226384e-05,161.78499089646505,11.6634966304072,Y
0,1804,NA,NA,NA,NA,NA,N
0,1805,NA,NA,NA,NA,NA,N
0,1806,41.45701528767512,-1.005569462332621,-1.3348108717542721e-05,271.09960295364726,59.98566726603466,Y
0,1807,53.75949013175121,-0.7270661228879898,0.00013267704575746928,248.49525227211106,36.81207148555015,Y
0,1808,NA,NA,NA,NA,NA,N
0,1809,NA,NA,NA,NA,NA,N
0,1810,NA,NA,NA,NA,NA,N
0,1811,26.616748842030635,-0.5840964852047228,-2.420749761721681,150.98906774993137,32.25525958094136,Y
0,1812,NA,NA,NA,NA,NA,N
0,1813,NA,NA,NA,NA,NA,N
0,1814,0.23901010996867178,3.7279500467370963,3.295224518336167,282.6075511369652,-32.432208824819746,Y
0,1815,NA,NA,NA,NA,NA,N
0,1816,0.102681356700371,2.9766155462629,2.6171421697978365,285.14930767569973,-38.19366141633514,Y
0,1817,NA,NA,NA,NA,NA,N
0,1818,NA,NA,NA,NA,NA,N
0,1819,NA,NA,NA,NA,NA,N
0,1820,NA,NA,NA,NA,NA,N
0,1821,NA,NA,NA,NA,NA,N
0,1822,0.0583984754359466,1.887390289590886,1.5033807774425696,291.52330232658426,-69.82297968064137,Y
0,1823,NA,NA,NA,NA,NA,N
0,1824,0.0433296940488,2.308395083805802,1.8134441583472103,287.89141846911735,-27.862959188065858,Y
0,1825,NA,NA,NA,NA,NA,N
0,1826,NA,NA,NA,NA,NA,N
0,1827,NA,NA,NA,NA,NA,N
0,1828,NA,NA,NA,NA,NA,N
0,1829,0.036675076971966925,8.376001431047154,7.91854387795458,281.9688014542742,-264.46337809751196,Y
0,1830,NA,NA,NA,NA,NA,N
0,1831,NA,NA,NA,NA,NA,N
0,1832,NA,NA,NA,NA,NA,N
0,1833,NA,NA,NA,NA,NA,N
0,1834,NA,NA,NA,NA,NA,N
0,1835,NA,NA,NA,NA,NA,N
0,1836,NA,NA,NA,NA,NA,N
0,1837,NA,NA,NA,NA,NA,N
0,1838,NA,NA,NA,NA,NA,N
0,1839,NA,NA,NA,NA,NA,N
0,1840,NA,NA,NA,NA,NA,N
0,1841,0.44482218383160016,1.7782562527407066,1.6069059708174391,285.7670948658339,-29.736256809488737,Y
0,1842,0.3281947848335268,3.7506107263019133,3.546560359056785,284.2921095073144,-15.882828422042941,Y
0,1843,NA,NA,NA,NA,NA,N
0,1844,0.3328980373693351,2.0443607809459756,1.8978369073100727,286.4179182551711,-26.278829826910403,Y
0,1845,0.3771284801717155,1.5586720398322054,1.4415353953977137,287.9503693499016,-26.03662933215378,Y
0,1846,NA,NA,NA,NA,NA,N
0,1847,0.3149861397027077,1.3091289657230345,1.2889765191950966,291.781261175542,-56.88553422414695,Y
0,1848,0.2981347699759645,1.4642450917706746,1.4147713893952374,290.2840602877761,-45.19752102697338,Y
0,1849,NA,NA,NA,NA,NA,N
0,1850,NA,NA,NA,NA,NA,N
0,1851,NA,NA,NA,NA,NA,N
0,1852,0.18948918098508305,0.16311216584055485,1.627664320478974e-05,242.3393806099883,-54.032815044575216,Y
0,1853,90.16762049976046,4.730945197723288,4.277153836158648,272.5911003882025,-43.23673310155116,Y
0,1854,NA,NA,NA,NA,NA,N
0,1855,414.16509455816964,5.809053361449062,5.333656928556618,272.76452502056543,-42.93578890906426,Y
0,1856,0.18803620220914805,0.16302276494755447,-0.0001125640158529199,262.19012587360766,-52.2596256010203,Y
0,1857,NA,NA,NA,NA,NA,N
0,1858,3117158009.3550234,19.24540054862042,18.809170792927613,273.9653812794345,-60.790230238814246,Y
0,1859,NA,NA,NA,NA,NA,N
0,1860,0.10250278103516548,4.120479846511908,3.4311375809174676,278.27593305067154,-87.31347106535806,Y
0,1861,NA,NA,NA,NA,NA,N
0,1862,NA,NA,NA,NA,NA,N
0,1863,NA,NA,NA,NA,NA,N
0,1864,NA,NA,NA,NA,NA,N
0,1865,NA,NA,NA,NA,NA,N
0,1866,NA,NA,NA,NA,NA,N
0,1867,NA,NA,NA,NA,NA,N
0,1868,NA,NA,NA,NA,NA,N
0,1869,NA,NA,NA,NA,NA,N
0,1870,NA,NA,NA,NA,NA,N
0,1871,NA,NA,NA,NA,NA,N
0,1872,NA,NA,NA,NA,NA,N
0,1873,0.0445363342490748,0.9938916019895109,1.172213351185163,280.77000225346563,-363.59217286107634,Y
0,1874,0.0972724566875207,1.8685260012336604,1.760614798384668,277.8851026502526,-285.18875583698616,Y
0,1875,NA,NA,NA,NA,NA,N
0,1876,0.06094475405430315,1.093426530452861,1.166682701857271,280.03065697667637,-295.64122012940834,Y
0,1877,1.9189036034774383,2.6519896273266537,2.3292305848431454,268.4879870305067,-393.096159295636,Y
0,1878,NA,NA,NA,NA,NA,N
0,1879,NA,NA,NA,NA,NA,N
0,1880,NA,NA,NA,NA,NA,N
0,1881,NA,NA,NA,NA,NA,N
0,1882,NA,NA,NA,NA,NA,N
0,1883,NA,NA,NA,NA,NA,N
0,1884,NA,NA,NA,NA,NA,N
0,1885,NA,NA,NA,NA,NA,N
0,1886,NA,NA,NA,NA,NA,N
0,1887,NA,NA,NA,NA,NA,N
0,1888,NA,NA,NA,NA,NA,N
0,1889,NA,NA,NA,NA,NA,N
0,1890,NA,NA,NA,NA,NA,N
0,1891,NA,NA,NA,NA,NA,N
0,1892,NA,NA,NA,NA,NA,N
0,1893,NA,NA,NA,NA,NA,N
0,1894,NA,NA,NA,NA,NA,N
0,1895,0.07844217373185618,1.240048413131181,1.1830017587656747,287.8735395902524,-215.59954003743616,Y
0,1896,NA,NA,NA,NA,NA,N
0,1897,NA,NA,NA,NA,NA,N
0,1898,NA,NA,NA,NA,NA,N
0,1899,NA,NA,NA,NA,NA,N
0,1900,NA,NA,NA,NA,NA,N
0,1901,NA,NA,NA,NA,NA,N
0,1902,NA,NA,NA,NA,NA,N
0,1903,NA,NA,NA,NA,NA,N
0,1904,NA,NA,NA,NA,NA,N
0,1905,NA,NA,NA,NA,NA,N
0,1906,NA,NA,NA,NA,NA,N
0,1907,NA,NA,NA,NA,NA,N
0,1908,NA,NA,NA,NA,NA,N
0,1909,NA,NA,NA,NA,NA,N
0,1910,NA,NA,NA,NA,NA,N
0,1911,0.02892928843489984,1.8627097677439362,1.6625148965988465,287.83589474991373,-225.63624309361603,Y
0,1912,0.028594228799545852,1.752347886906853,1.5694981233497751,288.4555650792609,-236.61660662048806,Y
0,1913,0.04351166736771779,1.200192114337149,1.2165108975408854,293.38669815587673,-418.0699088654659,Y
0,1914,0.040128741785713476,2.372686265239034,2.1304545375320316,285.2924511232009,-226.32793274366858,Y
0,1915,0.02866814851085399,1.2342231924806506,1.2740077570344106,294.73782841896843,-223.44989339006318,Y
0,1916,NA,NA,NA,NA,NA,N
0,1917,NA,NA,NA,NA,NA,N
0,1918,NA,NA,NA,NA,NA,N
0,1919,NA,NA,NA,NA,NA,N
0,1920,NA,NA,NA,NA,NA,N
0,1921,NA,NA,NA,NA,NA,N
0,1922,NA,NA,NA,NA,NA,N
0,1923,NA,NA,NA,NA,NA,N
0,1924,NA,NA,NA,NA,NA,N
0,1925,NA,NA,NA,NA,NA,N
0,1926,4.58823819529537,-0.08400258576533955,9.383313117132145e-05,329.05207977055517,-21.271653760802316,Y
0,1927,211.37356877266274,1.854980282087313,2.247356050345479,285.0003724357976,39.19761492736961,Y
0,1928,NA,NA,NA,NA,NA,N
0,1929,NA,NA,NA,NA,NA,N
0,1930,NA,NA,NA,NA,NA,N
0,1931,0.07200850469916519,-0.753446367360859,6.888706093641455,-180.35917831208246,-36.58625254762961,Y
0,1932,NA,NA,NA,NA,NA,N
0,1933,NA,NA,NA,NA,NA,N
0,1934,NA,NA,NA,NA,NA,N
0,1935,NA,NA,NA,NA,NA,N
